-- USERS
INSERT INTO profile.security (user_id, email, password_hash, failed_attempts, last_login) VALUES
(1, 'user1@example.com', '$2b$12$Jv9Lkx0YB.AQgWK3YALc6.j0mZB/RZBb4BysgSJ/1fIBPVsHVa65m', 0, CURRENT_TIMESTAMP),
(2, 'tammy59@gmail.com', 'hashed_password_2', 3, CURRENT_TIMESTAMP),
(3, 'donald19@archer-patel.org', 'hashed_password_3', 0, CURRENT_TIMESTAMP),
(4, 'corey15@castro-gomez.com', 'hashed_password_4', 2, CURRENT_TIMESTAMP),
(5, 'hramos@brown-sellers.com', 'hashed_password_5', 3, CURRENT_TIMESTAMP),
(6, 'ypage@garrett.com', 'hashed_password_6', 3, CURRENT_TIMESTAMP),
(7, 'jane13@walker.net', 'hashed_password_7', 2, CURRENT_TIMESTAMP),
(8, 'millerluke@hotmail.com', 'hashed_password_8', 3, CURRENT_TIMESTAMP),
(9, 'turnerkelly@gmail.com', 'hashed_password_9', 2, CURRENT_TIMESTAMP),
(10, 'tamaramorrison@hotmail.com', 'hashed_password_10', 1, CURRENT_TIMESTAMP),
(11, 'zdavis@yahoo.com', 'hashed_password_11', 1, CURRENT_TIMESTAMP),
(12, 'kellylopez@gmail.com', 'hashed_password_12', 2, CURRENT_TIMESTAMP),
(13, 'thomas12@mclean.net', 'hashed_password_13', 1, CURRENT_TIMESTAMP),
(14, 'aimee33@hotmail.com', 'hashed_password_14', 0, CURRENT_TIMESTAMP),
(15, 'shannon51@yahoo.com', 'hashed_password_15', 2, CURRENT_TIMESTAMP),
(16, 'vmatthews@sanchez.com', 'hashed_password_16', 1, CURRENT_TIMESTAMP),
(17, 'nathanjackson@cabrera-garcia.com', 'hashed_password_17', 2, CURRENT_TIMESTAMP),
(18, 'montoyacynthia@guzman.com', 'hashed_password_18', 0, CURRENT_TIMESTAMP),
(19, 'hdavis@jacobs.com', 'hashed_password_19', 0, CURRENT_TIMESTAMP),
(20, 'zclark@giles.net', 'hashed_password_20', 2, CURRENT_TIMESTAMP),
(21, 'huffchad@gmail.com', 'hashed_password_21', 3, CURRENT_TIMESTAMP),
(22, 'ryan08@yahoo.com', 'hashed_password_22', 0, CURRENT_TIMESTAMP),
(23, 'lyonspeter@howard-dennis.org', 'hashed_password_23', 2, CURRENT_TIMESTAMP),
(24, 'tammybrown@moore.com', 'hashed_password_24', 3, CURRENT_TIMESTAMP),
(25, 'alexandermaldonado@hotmail.com', 'hashed_password_25', 2, CURRENT_TIMESTAMP),
(26, 'paul42@hotmail.com', 'hashed_password_26', 1, CURRENT_TIMESTAMP),
(27, 'vharmon@williams.info', 'hashed_password_27', 3, CURRENT_TIMESTAMP),
(28, 'emily99@gmail.com', 'hashed_password_28', 3, CURRENT_TIMESTAMP),
(29, 'pgoodman@gmail.com', 'hashed_password_29', 2, CURRENT_TIMESTAMP),
(30, 'hollymoore@walsh.org', 'hashed_password_30', 0, CURRENT_TIMESTAMP),
(31, 'moralesjacqueline@yahoo.com', 'hashed_password_31', 0, CURRENT_TIMESTAMP),
(32, 'seangreen@griffin.net', 'hashed_password_32', 0, CURRENT_TIMESTAMP),
(33, 'simpsonlarry@williams-carson.biz', 'hashed_password_33', 3, CURRENT_TIMESTAMP),
(34, 'monroedavid@morales.biz', 'hashed_password_34', 0, CURRENT_TIMESTAMP),
(35, 'lewisjennifer@gmail.com', 'hashed_password_35', 3, CURRENT_TIMESTAMP),
(36, 'davidbanks@ramirez-good.com', 'hashed_password_36', 2, CURRENT_TIMESTAMP),
(37, 'bburton@yahoo.com', 'hashed_password_37', 1, CURRENT_TIMESTAMP),
(38, 'callahandennis@hotmail.com', 'hashed_password_38', 2, CURRENT_TIMESTAMP),
(39, 'wigginsjoshua@gmail.com', 'hashed_password_39', 0, CURRENT_TIMESTAMP),
(40, 'harrisjordan@potts-mays.com', 'hashed_password_40', 1, CURRENT_TIMESTAMP),
(41, 'xbowman@hotmail.com', 'hashed_password_41', 1, CURRENT_TIMESTAMP),
(42, 'nicholascarter@hernandez.com', 'hashed_password_42', 1, CURRENT_TIMESTAMP),
(43, 'morganchristine@gmail.com', 'hashed_password_43', 1, CURRENT_TIMESTAMP),
(44, 'edwardsilva@yahoo.com', 'hashed_password_44', 3, CURRENT_TIMESTAMP),
(45, 'kellywoods@gmail.com', 'hashed_password_45', 0, CURRENT_TIMESTAMP),
(46, 'hayden81@powell-murphy.biz', 'hashed_password_46', 0, CURRENT_TIMESTAMP),
(47, 'hoffmantimothy@randall-cherry.com', 'hashed_password_47', 2, CURRENT_TIMESTAMP),
(48, 'fwilson@johnson-rogers.com', 'hashed_password_48', 3, CURRENT_TIMESTAMP),
(49, 'odrake@jones.com', 'hashed_password_49', 0, CURRENT_TIMESTAMP),
(50, 'cruzcorey@stone.org', 'hashed_password_50', 2, CURRENT_TIMESTAMP);

-- CREATURES
INSERT INTO agg.creatures (creature_id, creature_name) VALUES
(1, 'Ghost'),
(2, 'Bigfoot'),
(3, 'Dragon'),
(4, 'Alien'),
(5, 'Vampire');

-- LOCATIONS
INSERT INTO info.locations (location_id, location_name, latitude, longitude) VALUES
(1, 'South Christopher, Iowa', 38.230414, -83.019438),
(2, 'Brendaburgh, Nevada', 38.138582, -76.760922),
(3, 'West Danny, Vermont', 37.966807, -68.097364),
(4, 'New Shannonborough, Delaware', 39.476455, -89.91821),
(5, 'Sandersborough, Tennessee', 35.679737, -89.415362),
(6, 'Port Jasonberg, Connecticut', 34.237628, -90.612241),
(7, 'South Nicholas, Ohio', 31.967908, -113.015303),
(8, 'North Vanessa, New York', 29.481509, -88.459156),
(9, 'New Richard, Utah', 40.759825, -96.361202),
(10, 'Richfort, Utah', 27.155785, -80.058973),
(11, 'Marthafort, South Dakota', 46.042489, -70.443901);

-- SIGHTINGS
INSERT INTO info.sightings_preview (
    sighting_id, user_id, creature_id, location_name, description_short,
    height_inch, weight_lb, sighting_date, geom
) VALUES
(1, 9, 1, 'Aliciaville, Mali', 'Saw a ghost near Aliciaville, Mali.', 112, 455, '2023-10-30', ST_SetSRID(ST_MakePoint(40.590335, 30.935111), 4326)),
(2, 43, 4, 'South Alexis, Sao Tome and Principe', 'Saw a alien near South Alexis, Sao Tome and Principe.', 80, 367, '2024-05-14', ST_SetSRID(ST_MakePoint(134.697476, -11.24076), 4326)),
(3, 10, 3, 'Coreyburgh, United Kingdom', 'Saw a dragon near Coreyburgh, United Kingdom.', 99, 316, '2023-11-26', ST_SetSRID(ST_MakePoint(85.89786, 68.606447), 4326)),
(4, 26, 5, 'Reyesbury, Belgium', 'Saw a vampire near Reyesbury, Belgium.', 66, 864, '2023-11-16', ST_SetSRID(ST_MakePoint(58.260782, 16.220339), 4326)),
(5, 30, 2, 'New Brett, Romania', 'Saw a bigfoot near New Brett, Romania.', 59, 558, '2024-02-29', ST_SetSRID(ST_MakePoint(175.610995, -43.07864), 4326)),
(6, 49, 4, 'Ericksonchester, Holy See (Vatican City State)', 'Saw a alien near Ericksonchester, Holy See (Vatican City State).', 40, 804, '2024-03-22', ST_SetSRID(ST_MakePoint(-108.165205, 48.256223), 4326)),
(7, 48, 4, 'Stephanieside, Liechtenstein', 'Saw a alien near Stephanieside, Liechtenstein.', 61, 589, '2024-04-21', ST_SetSRID(ST_MakePoint(48.791996, 37.539161), 4326)),
(8, 19, 4, 'Barnesshire, Czech Republic', 'Saw a alien near Barnesshire, Czech Republic.', 49, 366, '2024-10-14', ST_SetSRID(ST_MakePoint(129.677766, -7.762065), 4326)),
(9, 18, 2, 'West Carla, Solomon Islands', 'Saw a bigfoot near West Carla, Solomon Islands.', 55, 822, '2025-04-18', ST_SetSRID(ST_MakePoint(106.600735, -30.208709), 4326)),
(10, 14, 3, 'Brandonbury, Thailand', 'Saw a dragon near Brandonbury, Thailand.', 52, 217, '2025-04-10', ST_SetSRID(ST_MakePoint(147.711941, 38.934368), 4326)),
(11, 23, 2, 'Loganside, Palau', 'Saw a bigfoot near Loganside, Palau.', 109, 657, '2023-06-06', ST_SetSRID(ST_MakePoint(-24.614021, -21.267248), 4326)),
(12, 11, 1, 'Port Alanview, Belarus', 'Saw a ghost near Port Alanview, Belarus.', 49, 179, '2023-08-27', ST_SetSRID(ST_MakePoint(-174.409252, -32.052911), 4326)),
(13, 17, 5, 'Nunezport, Antigua and Barbuda', 'Saw a vampire near Nunezport, Antigua and Barbuda.', 72, 340, '2024-10-23', ST_SetSRID(ST_MakePoint(-130.531337, 6.308973), 4326)),
(14, 12, 1, 'Grantbury, Nigeria', 'Saw a ghost near Grantbury, Nigeria.', 71, 636, '2025-03-10', ST_SetSRID(ST_MakePoint(120.068556, -17.843461), 4326)),
(15, 24, 1, 'Martinezshire, Kyrgyz Republic', 'Saw a ghost near Martinezshire, Kyrgyz Republic.', 88, 316, '2025-02-13', ST_SetSRID(ST_MakePoint(92.108735, -13.003181), 4326)),
(16, 22, 5, 'Michelleland, Israel', 'Saw a vampire near Michelleland, Israel.', 107, 587, '2024-06-02', ST_SetSRID(ST_MakePoint(-7.247241, 44.028213), 4326)),
(17, 41, 3, 'East Jenniferborough, Malawi', 'Saw a dragon near East Jenniferborough, Malawi.', 49, 618, '2024-01-24', ST_SetSRID(ST_MakePoint(-15.253165, 68.770311), 4326)),
(18, 36, 1, 'Austintown, French Guiana', 'Saw a ghost near Austintown, French Guiana.', 39, 399, '2023-09-26', ST_SetSRID(ST_MakePoint(-88.022587, 36.939265), 4326)),
(19, 47, 4, 'North Donnamouth, Gambia', 'Saw a alien near North Donnamouth, Gambia.', 113, 545, '2023-11-01', ST_SetSRID(ST_MakePoint(-39.614754, 17.655924), 4326)),
(20, 21, 5, 'West Ann, Singapore', 'Saw a vampire near West Ann, Singapore.', 65, 172, '2023-08-17', ST_SetSRID(ST_MakePoint(-18.260436, 8.036747), 4326)),
(21, 28, 4, 'East Steven, Germany', 'Saw a alien near East Steven, Germany.', 46, 656, '2023-10-10', ST_SetSRID(ST_MakePoint(-64.651462, 56.451826), 4326)),
(22, 17, 5, 'Terriside, Timor-Leste', 'Saw a vampire near Terriside, Timor-Leste.', 80, 959, '2025-01-01', ST_SetSRID(ST_MakePoint(-116.621493, -51.758877), 4326)),
(23, 47, 2, 'Baileyview, Saint Helena', 'Saw a bigfoot near Baileyview, Saint Helena.', 41, 59, '2023-12-11', ST_SetSRID(ST_MakePoint(154.593766, 72.670734), 4326)),
(24, 9, 4, 'South James, Qatar', 'Saw a alien near South James, Qatar.', 82, 880, '2024-12-24', ST_SetSRID(ST_MakePoint(35.967818, 67.386881), 4326)),
(25, 2, 3, 'New Maryborough, Christmas Island', 'Saw a dragon near New Maryborough, Christmas Island.', 78, 578, '2023-08-12', ST_SetSRID(ST_MakePoint(-5.398027, 22.957236), 4326)),
(26, 38, 5, 'Johnsonbury, Guatemala', 'Saw a vampire near Johnsonbury, Guatemala.', 87, 602, '2023-09-13', ST_SetSRID(ST_MakePoint(-97.459364, 35.922894), 4326)),
(27, 46, 1, 'New Charlesshire, Brunei Darussalam', 'Saw a ghost near New Charlesshire, Brunei Darussalam.', 49, 682, '2024-06-23', ST_SetSRID(ST_MakePoint(-178.892457, -33.091145), 4326)),
(28, 36, 2, 'Mosesland, El Salvador', 'Saw a bigfoot near Mosesland, El Salvador.', 63, 380, '2023-11-02', ST_SetSRID(ST_MakePoint(44.947712, -7.575171), 4326)),
(29, 42, 5, 'West Wendy, Bolivia', 'Saw a vampire near West Wendy, Bolivia.', 87, 197, '2024-06-17', ST_SetSRID(ST_MakePoint(-161.202208, -47.212361), 4326)),
(30, 3, 1, 'Weissview, Greenland', 'Saw a ghost near Weissview, Greenland.', 40, 702, '2023-05-13', ST_SetSRID(ST_MakePoint(111.122366, 63.955831), 4326)),
(31, 23, 2, 'West Zacharytown, Central African Republic', 'Saw a bigfoot near West Zacharytown, Central African Republic.', 88, 633, '2023-09-09', ST_SetSRID(ST_MakePoint(-32.700511, -55.83637), 4326)),
(32, 45, 1, 'Lake Makayla, Mauritania', 'Saw a ghost near Lake Makayla, Mauritania.', 88, 262, '2023-10-19', ST_SetSRID(ST_MakePoint(-48.393353, 43.323276), 4326)),
(33, 22, 1, 'Wilsonport, Holy See (Vatican City State)', 'Saw a ghost near Wilsonport, Holy See (Vatican City State).', 49, 793, '2025-02-21', ST_SetSRID(ST_MakePoint(73.176381, 47.439888), 4326)),
(34, 49, 2, 'North Crystal, Estonia', 'Saw a bigfoot near North Crystal, Estonia.', 70, 291, '2025-01-18', ST_SetSRID(ST_MakePoint(-26.312337, 74.003034), 4326)),
(35, 43, 2, 'North David, Jersey', 'Saw a bigfoot near North David, Jersey.', 63, 984, '2024-11-02', ST_SetSRID(ST_MakePoint(29.584053, -33.036987), 4326)),
(36, 25, 4, 'North Ryanberg, Senegal', 'Saw a alien near North Ryanberg, Senegal.', 61, 928, '2024-03-11', ST_SetSRID(ST_MakePoint(168.051848, -39.959707), 4326)),
(37, 14, 1, 'New Timothymouth, Hungary', 'Saw a ghost near New Timothymouth, Hungary.', 102, 337, '2025-04-09', ST_SetSRID(ST_MakePoint(-53.343921, 57.361363), 4326)),
(38, 27, 2, 'Courtneyshire, Libyan Arab Jamahiriya', 'Saw a bigfoot near Courtneyshire, Libyan Arab Jamahiriya.', 101, 154, '2025-03-08', ST_SetSRID(ST_MakePoint(-45.42352, -9.487391), 4326)),
(39, 49, 5, 'Selenaton, Cape Verde', 'Saw a vampire near Selenaton, Cape Verde.', 82, 921, '2024-10-20', ST_SetSRID(ST_MakePoint(97.427981, -14.619079), 4326)),
(40, 41, 3, 'Reesemouth, Denmark', 'Saw a dragon near Reesemouth, Denmark.', 68, 571, '2023-08-21', ST_SetSRID(ST_MakePoint(104.77662, -24.974935), 4326)),
(41, 15, 4, 'Ramirezbury, Hong Kong', 'Saw a alien near Ramirezbury, Hong Kong.', 110, 267, '2023-10-28', ST_SetSRID(ST_MakePoint(-65.801762, -11.347771), 4326)),
(42, 37, 1, 'South Jonathan, Namibia', 'Saw a ghost near South Jonathan, Namibia.', 108, 977, '2024-11-30', ST_SetSRID(ST_MakePoint(-37.815133, 0.298148), 4326)),
(43, 43, 1, 'New Michellehaven, Heard Island and McDonald Islands', 'Saw a ghost near New Michellehaven, Heard Island and McDonald Islands.', 69, 492, '2024-06-29', ST_SetSRID(ST_MakePoint(-11.533018, -11.713524), 4326)),
(44, 42, 1, 'Lake Andrewbury, New Zealand', 'Saw a ghost near Lake Andrewbury, New Zealand.', 40, 152, '2023-07-31', ST_SetSRID(ST_MakePoint(41.925953, 23.789847), 4326)),
(45, 21, 3, 'East Robertstad, Georgia', 'Saw a dragon near East Robertstad, Georgia.', 50, 686, '2025-03-06', ST_SetSRID(ST_MakePoint(21.45066, 18.555248), 4326)),
(46, 19, 1, 'New Tarafort, Sao Tome and Principe', 'Saw a ghost near New Tarafort, Sao Tome and Principe.', 66, 945, '2025-01-28', ST_SetSRID(ST_MakePoint(-139.841893, 45.814975), 4326)),
(47, 20, 5, 'Omarside, Bahrain', 'Saw a vampire near Omarside, Bahrain.', 44, 149, '2024-07-16', ST_SetSRID(ST_MakePoint(116.226976, -41.784477), 4326)),
(48, 26, 4, 'New Dawn, Liechtenstein', 'Saw a alien near New Dawn, Liechtenstein.', 55, 978, '2024-10-02', ST_SetSRID(ST_MakePoint(-113.219788, 52.875951), 4326)),
(49, 21, 2, 'Fernandeztown, Paraguay', 'Saw a bigfoot near Fernandeztown, Paraguay.', 52, 293, '2023-08-30', ST_SetSRID(ST_MakePoint(-125.887294, -25.9374), 4326)),
(50, 9, 1, 'North Melissa, Mozambique', 'Saw a ghost near North Melissa, Mozambique.', 108, 105, '2024-11-20', ST_SetSRID(ST_MakePoint(164.097841, -11.279072), 4326)),
(51, 30, 4, 'Janettown, Iraq', 'Saw a alien near Janettown, Iraq.', 106, 615, '2023-10-31', ST_SetSRID(ST_MakePoint(-32.603481, -10.690338), 4326)),
(52, 16, 4, 'Zimmermanborough, Uganda', 'Saw a alien near Zimmermanborough, Uganda.', 67, 272, '2024-06-02', ST_SetSRID(ST_MakePoint(66.719728, 17.581439), 4326)),
(53, 40, 1, 'Port Ericfurt, Zambia', 'Saw a ghost near Port Ericfurt, Zambia.', 78, 228, '2024-12-13', ST_SetSRID(ST_MakePoint(-148.939027, -10.408616), 4326)),
(54, 46, 3, 'Jonesbury, Saudi Arabia', 'Saw a dragon near Jonesbury, Saudi Arabia.', 49, 509, '2023-12-10', ST_SetSRID(ST_MakePoint(99.080733, -58.650601), 4326)),
(55, 29, 2, 'Myersmouth, Tanzania', 'Saw a bigfoot near Myersmouth, Tanzania.', 119, 537, '2025-01-01', ST_SetSRID(ST_MakePoint(31.748259, -57.842468), 4326)),
(56, 17, 4, 'Angelastad, Saint Barthelemy', 'Saw a alien near Angelastad, Saint Barthelemy.', 60, 874, '2025-02-23', ST_SetSRID(ST_MakePoint(22.862234, -13.521987), 4326)),
(57, 29, 2, 'Trevorborough, Central African Republic', 'Saw a bigfoot near Trevorborough, Central African Republic.', 113, 269, '2025-02-14', ST_SetSRID(ST_MakePoint(-47.071123, -7.492947), 4326)),
(58, 37, 4, 'Middletonport, Turks and Caicos Islands', 'Saw a alien near Middletonport, Turks and Caicos Islands.', 80, 490, '2024-12-29', ST_SetSRID(ST_MakePoint(-112.794012, -39.602644), 4326)),
(59, 17, 4, 'Lake Gabrielle, Tokelau', 'Saw a alien near Lake Gabrielle, Tokelau.', 57, 184, '2024-10-23', ST_SetSRID(ST_MakePoint(-151.723087, 18.212719), 4326)),
(60, 47, 5, 'South Morgan, New Caledonia', 'Saw a vampire near South Morgan, New Caledonia.', 105, 551, '2024-11-18', ST_SetSRID(ST_MakePoint(-121.453603, 12.06191), 4326)),
(61, 8, 2, 'North Bradley, Burkina Faso', 'Saw a bigfoot near North Bradley, Burkina Faso.', 113, 975, '2023-05-08', ST_SetSRID(ST_MakePoint(-165.03166, -37.722038), 4326)),
(62, 23, 5, 'Steinmouth, Micronesia', 'Saw a vampire near Steinmouth, Micronesia.', 71, 57, '2024-11-02', ST_SetSRID(ST_MakePoint(142.033687, 20.807768), 4326)),
(63, 20, 4, 'New Scott, Ecuador', 'Saw a alien near New Scott, Ecuador.', 63, 454, '2024-04-13', ST_SetSRID(ST_MakePoint(178.821856, -46.465126), 4326)),
(64, 15, 3, 'Hernandezfort, United Arab Emirates', 'Saw a dragon near Hernandezfort, United Arab Emirates.', 110, 372, '2024-12-25', ST_SetSRID(ST_MakePoint(64.842776, 59.21718), 4326)),
(65, 2, 3, 'Lake Mark, Malaysia', 'Saw a dragon near Lake Mark, Malaysia.', 40, 486, '2025-03-24', ST_SetSRID(ST_MakePoint(-158.64576, -7.206268), 4326)),
(66, 47, 1, 'Williamsmouth, Tuvalu', 'Saw a ghost near Williamsmouth, Tuvalu.', 109, 863, '2025-02-08', ST_SetSRID(ST_MakePoint(-81.306952, -13.880782), 4326)),
(67, 41, 5, 'South Tyler, Chad', 'Saw a vampire near South Tyler, Chad.', 38, 817, '2023-09-24', ST_SetSRID(ST_MakePoint(125.2925, -20.10462), 4326)),
(68, 4, 1, 'Port Rachel, Iceland', 'Saw a ghost near Port Rachel, Iceland.', 88, 688, '2023-06-09', ST_SetSRID(ST_MakePoint(163.311252, -54.820931), 4326)),
(69, 20, 4, 'North Ericton, Grenada', 'Saw a alien near North Ericton, Grenada.', 78, 709, '2024-03-07', ST_SetSRID(ST_MakePoint(-85.515633, -35.741975), 4326)),
(70, 2, 5, 'East Kevinhaven, Niue', 'Saw a vampire near East Kevinhaven, Niue.', 84, 158, '2023-08-30', ST_SetSRID(ST_MakePoint(-2.199893, 6.479757), 4326)),
(71, 27, 3, 'Greeneberg, Switzerland', 'Saw a dragon near Greeneberg, Switzerland.', 41, 869, '2024-02-11', ST_SetSRID(ST_MakePoint(-93.245828, 47.770446), 4326)),
(72, 22, 1, 'East Scott, Guyana', 'Saw a ghost near East Scott, Guyana.', 43, 407, '2024-05-18', ST_SetSRID(ST_MakePoint(-67.335717, 12.740543), 4326)),
(73, 42, 1, 'Allenfort, Lebanon', 'Saw a ghost near Allenfort, Lebanon.', 115, 756, '2024-02-17', ST_SetSRID(ST_MakePoint(115.296189, -27.079029), 4326)),
(74, 48, 1, 'Benjaminmouth, Czech Republic', 'Saw a ghost near Benjaminmouth, Czech Republic.', 116, 588, '2023-10-04', ST_SetSRID(ST_MakePoint(-138.891972, 36.597856), 4326)),
(75, 41, 1, 'Johnsontown, Mexico', 'Saw a ghost near Johnsontown, Mexico.', 109, 822, '2024-02-14', ST_SetSRID(ST_MakePoint(136.204444, 10.784295), 4326)),
(76, 35, 1, 'West Timothy, Vietnam', 'Saw a ghost near West Timothy, Vietnam.', 63, 656, '2024-06-09', ST_SetSRID(ST_MakePoint(-65.27047, 50.394867), 4326)),
(77, 38, 4, 'New Williambury, Korea', 'Saw a alien near New Williambury, Korea.', 71, 153, '2024-06-03', ST_SetSRID(ST_MakePoint(-173.576263, 10.648608), 4326)),
(78, 7, 2, 'Davidview, Honduras', 'Saw a bigfoot near Davidview, Honduras.', 51, 933, '2024-05-09', ST_SetSRID(ST_MakePoint(-94.290991, 39.870278), 4326)),
(79, 10, 5, 'Harrisonmouth, Mayotte', 'Saw a vampire near Harrisonmouth, Mayotte.', 66, 286, '2023-07-11', ST_SetSRID(ST_MakePoint(-96.686417, -24.158405), 4326)),
(80, 31, 5, 'Lake Rhondaville, Madagascar', 'Saw a vampire near Lake Rhondaville, Madagascar.', 69, 459, '2023-07-29', ST_SetSRID(ST_MakePoint(30.375077, -14.975556), 4326)),
(81, 14, 1, 'Romeroville, Moldova', 'Saw a ghost near Romeroville, Moldova.', 102, 592, '2025-02-14', ST_SetSRID(ST_MakePoint(108.729906, 18.43761), 4326)),
(82, 32, 1, 'Clarkmouth, Cook Islands', 'Saw a ghost near Clarkmouth, Cook Islands.', 65, 183, '2023-06-27', ST_SetSRID(ST_MakePoint(98.830044, 10.815785), 4326)),
(83, 26, 4, 'New Kelsey, Burkina Faso', 'Saw a alien near New Kelsey, Burkina Faso.', 44, 302, '2024-06-08', ST_SetSRID(ST_MakePoint(-87.254576, -52.116894), 4326)),
(84, 15, 1, 'Lake Daletown, Puerto Rico', 'Saw a ghost near Lake Daletown, Puerto Rico.', 55, 494, '2023-05-01', ST_SetSRID(ST_MakePoint(-142.310197, -52.473646), 4326)),
(85, 44, 4, 'New Zachary, El Salvador', 'Saw a alien near New Zachary, El Salvador.', 89, 312, '2025-03-20', ST_SetSRID(ST_MakePoint(-35.912143, 43.670977), 4326)),
(86, 39, 2, 'Margaretmouth, Norway', 'Saw a bigfoot near Margaretmouth, Norway.', 106, 87, '2025-01-21', ST_SetSRID(ST_MakePoint(-143.030492, -36.230334), 4326)),
(87, 36, 4, 'Anthonystad, Romania', 'Saw a alien near Anthonystad, Romania.', 55, 767, '2025-03-16', ST_SetSRID(ST_MakePoint(-103.607252, 70.589044), 4326)),
(88, 32, 5, 'South Theresa, Armenia', 'Saw a vampire near South Theresa, Armenia.', 53, 99, '2023-06-24', ST_SetSRID(ST_MakePoint(-175.432924, -56.560103), 4326)),
(89, 20, 4, 'Wellstown, Jordan', 'Saw a alien near Wellstown, Jordan.', 110, 541, '2023-04-30', ST_SetSRID(ST_MakePoint(-166.788599, 20.8204), 4326)),
(90, 43, 4, 'East Jeremy, Israel', 'Saw a alien near East Jeremy, Israel.', 112, 810, '2024-11-22', ST_SetSRID(ST_MakePoint(52.766242, 46.926201), 4326)),
(91, 27, 3, 'New Peggychester, Bangladesh', 'Saw a dragon near New Peggychester, Bangladesh.', 117, 940, '2023-10-27', ST_SetSRID(ST_MakePoint(-43.187617, 26.50918), 4326)),
(92, 35, 2, 'North Joyce, Congo', 'Saw a bigfoot near North Joyce, Congo.', 44, 356, '2024-11-21', ST_SetSRID(ST_MakePoint(-139.134188, 70.509224), 4326)),
(93, 35, 5, 'Nicholsberg, Brazil', 'Saw a vampire near Nicholsberg, Brazil.', 66, 398, '2024-02-23', ST_SetSRID(ST_MakePoint(-92.172017, 0.142012), 4326)),
(94, 47, 3, 'Anthonyton, Algeria', 'Saw a dragon near Anthonyton, Algeria.', 66, 933, '2024-04-05', ST_SetSRID(ST_MakePoint(-3.195568, 33.771574), 4326)),
(95, 33, 4, 'Gregoryburgh, South Georgia and the South Sandwich Islands', 'Saw a alien near Gregoryburgh, South Georgia and the South Sandwich Islands.', 70, 349, '2024-09-26', ST_SetSRID(ST_MakePoint(41.588837, -11.550078), 4326)),
(96, 25, 3, 'South Claytonborough, Saint Kitts and Nevis', 'Saw a dragon near South Claytonborough, Saint Kitts and Nevis.', 76, 911, '2023-11-22', ST_SetSRID(ST_MakePoint(44.042178, 0.593669), 4326)),
(97, 14, 1, 'Port Tammy, Australia', 'Saw a ghost near Port Tammy, Australia.', 74, 356, '2024-03-07', ST_SetSRID(ST_MakePoint(-172.867666, -12.879074), 4326)),
(98, 13, 1, 'North Thomasfurt, Uganda', 'Saw a ghost near North Thomasfurt, Uganda.', 67, 468, '2024-01-15', ST_SetSRID(ST_MakePoint(174.72955, -16.820016), 4326)),
(99, 35, 2, 'Hallhaven, Poland', 'Saw a bigfoot near Hallhaven, Poland.', 76, 267, '2024-09-17', ST_SetSRID(ST_MakePoint(43.307066, -23.53205), 4326)),
(100, 27, 4, 'Lake Reginald, Georgia', 'Saw a alien near Lake Reginald, Georgia.', 67, 331, '2024-02-23', ST_SetSRID(ST_MakePoint(-65.078786, 8.078909), 4326)),
(101, 34, 3, 'Whitneyshire, Switzerland', 'Saw a dragon near Whitneyshire, Switzerland.', 86, 933, '2023-11-08', ST_SetSRID(ST_MakePoint(-164.046332, 59.252938), 4326)),
(102, 5, 5, 'Hestermouth, Malawi', 'Saw a vampire near Hestermouth, Malawi.', 96, 500, '2024-11-06', ST_SetSRID(ST_MakePoint(169.622403, -13.93627), 4326)),
(103, 44, 1, 'Victorville, Pitcairn Islands', 'Saw a ghost near Victorville, Pitcairn Islands.', 57, 704, '2023-06-20', ST_SetSRID(ST_MakePoint(-41.798556, -11.403529), 4326)),
(104, 8, 5, 'Lake Jacob, Zimbabwe', 'Saw a vampire near Lake Jacob, Zimbabwe.', 70, 321, '2025-03-15', ST_SetSRID(ST_MakePoint(130.330203, -11.377141), 4326)),
(105, 1, 4, 'Davidberg, Guatemala', 'Saw a alien near Davidberg, Guatemala.', 86, 253, '2024-12-03', ST_SetSRID(ST_MakePoint(99.201724, 14.625579), 4326)),
(106, 2, 5, 'Michellefort, United Kingdom', 'Saw a vampire near Michellefort, United Kingdom.', 56, 855, '2023-08-22', ST_SetSRID(ST_MakePoint(179.049418, 65.459354), 4326)),
(107, 4, 4, 'Michaelfurt, Seychelles', 'Saw a alien near Michaelfurt, Seychelles.', 90, 391, '2024-07-20', ST_SetSRID(ST_MakePoint(-146.165153, -25.026931), 4326)),
(108, 28, 4, 'Crystalstad, Jersey', 'Saw a alien near Crystalstad, Jersey.', 41, 323, '2023-10-27', ST_SetSRID(ST_MakePoint(-16.437834, 14.408628), 4326)),
(109, 31, 5, 'Vincentfort, Denmark', 'Saw a vampire near Vincentfort, Denmark.', 111, 64, '2024-11-17', ST_SetSRID(ST_MakePoint(75.462693, 43.440477), 4326)),
(110, 6, 1, 'Salazarville, Iran', 'Saw a ghost near Salazarville, Iran.', 55, 681, '2023-10-02', ST_SetSRID(ST_MakePoint(161.086126, 63.759866), 4326)),
(111, 36, 2, 'Kellerstad, Finland', 'Saw a bigfoot near Kellerstad, Finland.', 57, 971, '2025-02-16', ST_SetSRID(ST_MakePoint(-79.793807, 49.867598), 4326)),
(112, 47, 3, 'East Keith, Cook Islands', 'Saw a dragon near East Keith, Cook Islands.', 90, 193, '2023-05-27', ST_SetSRID(ST_MakePoint(-15.709132, -39.268308), 4326)),
(113, 33, 3, 'Perezstad, Hong Kong', 'Saw a dragon near Perezstad, Hong Kong.', 98, 302, '2024-12-03', ST_SetSRID(ST_MakePoint(69.649742, -45.591162), 4326)),
(114, 41, 1, 'Christopherport, Montenegro', 'Saw a ghost near Christopherport, Montenegro.', 70, 200, '2025-02-13', ST_SetSRID(ST_MakePoint(98.789213, 67.066737), 4326)),
(115, 40, 2, 'Staceyhaven, Vanuatu', 'Saw a bigfoot near Staceyhaven, Vanuatu.', 67, 187, '2023-06-02', ST_SetSRID(ST_MakePoint(99.28471, 55.916672), 4326)),
(116, 1, 1, 'Joshuatown, Lithuania', 'Saw a ghost near Joshuatown, Lithuania.', 92, 332, '2024-05-23', ST_SetSRID(ST_MakePoint(-174.637525, -18.580637), 4326)),
(117, 20, 5, 'Lake Adambury, Luxembourg', 'Saw a vampire near Lake Adambury, Luxembourg.', 38, 440, '2025-01-09', ST_SetSRID(ST_MakePoint(146.758033, 21.460752), 4326)),
(118, 30, 5, 'Hansenmouth, Tunisia', 'Saw a vampire near Hansenmouth, Tunisia.', 119, 221, '2023-06-13', ST_SetSRID(ST_MakePoint(87.934778, -32.891614), 4326)),
(119, 3, 2, 'Kleinville, Venezuela', 'Saw a bigfoot near Kleinville, Venezuela.', 119, 930, '2024-10-11', ST_SetSRID(ST_MakePoint(151.853943, -19.313379), 4326)),
(120, 1, 5, 'North Antonio, Iraq', 'Saw a vampire near North Antonio, Iraq.', 87, 412, '2024-04-02', ST_SetSRID(ST_MakePoint(147.584854, -22.963446), 4326)),
(121, 6, 3, 'Port Elizabethshire, Moldova', 'Saw a dragon near Port Elizabethshire, Moldova.', 39, 744, '2023-11-01', ST_SetSRID(ST_MakePoint(86.675649, -57.303914), 4326)),
(122, 30, 5, 'West Lisa, Burundi', 'Saw a vampire near West Lisa, Burundi.', 65, 315, '2024-04-05', ST_SetSRID(ST_MakePoint(59.740509, -45.127053), 4326)),
(123, 25, 1, 'West Timothyville, French Polynesia', 'Saw a ghost near West Timothyville, French Polynesia.', 91, 930, '2024-10-24', ST_SetSRID(ST_MakePoint(89.545077, -57.559172), 4326)),
(124, 29, 4, 'Longchester, Micronesia', 'Saw a alien near Longchester, Micronesia.', 57, 904, '2024-12-16', ST_SetSRID(ST_MakePoint(154.948203, -59.323022), 4326)),
(125, 14, 1, 'South Casey, Bangladesh', 'Saw a ghost near South Casey, Bangladesh.', 105, 578, '2025-03-18', ST_SetSRID(ST_MakePoint(62.327874, -33.485702), 4326)),
(126, 7, 5, 'West Melissa, Switzerland', 'Saw a vampire near West Melissa, Switzerland.', 63, 693, '2024-12-03', ST_SetSRID(ST_MakePoint(-142.03573, 52.418224), 4326)),
(127, 50, 5, 'Herbertside, Haiti', 'Saw a vampire near Herbertside, Haiti.', 87, 379, '2024-09-16', ST_SetSRID(ST_MakePoint(77.379695, 70.306548), 4326)),
(128, 18, 2, 'Piercefurt, Lebanon', 'Saw a bigfoot near Piercefurt, Lebanon.', 112, 110, '2023-08-04', ST_SetSRID(ST_MakePoint(-140.964359, -59.078919), 4326)),
(129, 21, 3, 'Williamsville, Ethiopia', 'Saw a dragon near Williamsville, Ethiopia.', 47, 958, '2024-07-30', ST_SetSRID(ST_MakePoint(-57.280414, -1.177638), 4326)),
(130, 46, 5, 'Cookhaven, Tunisia', 'Saw a vampire near Cookhaven, Tunisia.', 110, 905, '2024-08-20', ST_SetSRID(ST_MakePoint(-152.554927, -16.43663), 4326)),
(131, 12, 1, 'South Sarahland, Norway', 'Saw a ghost near South Sarahland, Norway.', 94, 845, '2025-03-05', ST_SetSRID(ST_MakePoint(113.843425, 63.681202), 4326)),
(132, 2, 4, 'Jacksonmouth, Monaco', 'Saw a alien near Jacksonmouth, Monaco.', 81, 306, '2024-05-21', ST_SetSRID(ST_MakePoint(-19.196446, -23.92741), 4326)),
(133, 28, 2, 'Andrewberg, Uruguay', 'Saw a bigfoot near Andrewberg, Uruguay.', 40, 780, '2023-12-02', ST_SetSRID(ST_MakePoint(70.606539, -25.481929), 4326)),
(134, 34, 2, 'South Jean, Iraq', 'Saw a bigfoot near South Jean, Iraq.', 56, 490, '2023-05-02', ST_SetSRID(ST_MakePoint(73.680628, -17.609892), 4326)),
(135, 48, 2, 'New Robert, Panama', 'Saw a bigfoot near New Robert, Panama.', 74, 669, '2024-07-29', ST_SetSRID(ST_MakePoint(-136.45015, -18.480983), 4326)),
(136, 35, 5, 'Port Melissaburgh, Anguilla', 'Saw a vampire near Port Melissaburgh, Anguilla.', 42, 105, '2023-08-14', ST_SetSRID(ST_MakePoint(20.412009, -6.991449), 4326)),
(137, 15, 1, 'New Andrea, Ukraine', 'Saw a ghost near New Andrea, Ukraine.', 109, 837, '2024-01-19', ST_SetSRID(ST_MakePoint(-90.943116, 17.037813), 4326)),
(138, 43, 3, 'Elizabethbury, Uzbekistan', 'Saw a dragon near Elizabethbury, Uzbekistan.', 68, 515, '2024-09-20', ST_SetSRID(ST_MakePoint(-161.89483, 10.430372), 4326)),
(139, 47, 5, 'Lake Shawnshire, Qatar', 'Saw a vampire near Lake Shawnshire, Qatar.', 72, 335, '2024-01-25', ST_SetSRID(ST_MakePoint(-35.328583, -20.323387), 4326)),
(140, 34, 3, 'Lisafort, Ghana', 'Saw a dragon near Lisafort, Ghana.', 83, 183, '2024-02-01', ST_SetSRID(ST_MakePoint(-72.183806, -42.891), 4326)),
(141, 5, 4, 'Port Barryville, Uganda', 'Saw a alien near Port Barryville, Uganda.', 104, 166, '2025-01-25', ST_SetSRID(ST_MakePoint(7.965547, -16.964921), 4326)),
(142, 47, 1, 'West Haleyburgh, Honduras', 'Saw a ghost near West Haleyburgh, Honduras.', 55, 218, '2023-12-08', ST_SetSRID(ST_MakePoint(137.523564, 10.749158), 4326)),
(143, 22, 4, 'Lake Kimberlyborough, Nauru', 'Saw a alien near Lake Kimberlyborough, Nauru.', 63, 601, '2024-05-15', ST_SetSRID(ST_MakePoint(94.486141, 39.36108), 4326)),
(144, 17, 3, 'Lake Teresaberg, Albania', 'Saw a dragon near Lake Teresaberg, Albania.', 116, 412, '2024-09-01', ST_SetSRID(ST_MakePoint(-37.629995, 27.806577), 4326)),
(145, 17, 5, 'Huntchester, Ireland', 'Saw a vampire near Huntchester, Ireland.', 37, 582, '2024-10-07', ST_SetSRID(ST_MakePoint(-23.871072, 48.496418), 4326)),
(146, 5, 4, 'South Michael, Yemen', 'Saw a alien near South Michael, Yemen.', 120, 163, '2023-11-04', ST_SetSRID(ST_MakePoint(121.495726, -47.642217), 4326)),
(147, 37, 4, 'Rollinsside, Gambia', 'Saw a alien near Rollinsside, Gambia.', 94, 859, '2023-08-03', ST_SetSRID(ST_MakePoint(36.169724, -45.751591), 4326)),
(148, 5, 1, 'Amandaberg, United States Minor Outlying Islands', 'Saw a ghost near Amandaberg, United States Minor Outlying Islands.', 94, 906, '2023-05-09', ST_SetSRID(ST_MakePoint(-144.643051, 70.005293), 4326)),
(149, 41, 2, 'Rachelmouth, Nigeria', 'Saw a bigfoot near Rachelmouth, Nigeria.', 84, 802, '2024-04-28', ST_SetSRID(ST_MakePoint(86.780985, -27.090013), 4326)),
(150, 12, 4, 'Port Sydneychester, Sierra Leone', 'Saw a alien near Port Sydneychester, Sierra Leone.', 107, 84, '2025-01-07', ST_SetSRID(ST_MakePoint(99.216829, 51.740213), 4326)),
(151, 23, 4, 'Jennifermouth, Poland', 'Saw a alien near Jennifermouth, Poland.', 71, 339, '2024-11-12', ST_SetSRID(ST_MakePoint(42.020671, 73.297651), 4326)),
(152, 10, 1, 'New Derekfort, Guinea-Bissau', 'Saw a ghost near New Derekfort, Guinea-Bissau.', 117, 630, '2025-04-17', ST_SetSRID(ST_MakePoint(71.516996, 28.357099), 4326)),
(153, 29, 5, 'East Jared, Denmark', 'Saw a vampire near East Jared, Denmark.', 76, 985, '2025-01-28', ST_SetSRID(ST_MakePoint(-67.139085, 28.378409), 4326)),
(154, 39, 2, 'Port Ronaldside, Burundi', 'Saw a bigfoot near Port Ronaldside, Burundi.', 107, 731, '2025-02-14', ST_SetSRID(ST_MakePoint(-45.165254, 16.382973), 4326)),
(155, 43, 1, 'South Barbaramouth, Belarus', 'Saw a ghost near South Barbaramouth, Belarus.', 64, 505, '2023-09-24', ST_SetSRID(ST_MakePoint(-88.067331, -29.466894), 4326)),
(156, 48, 5, 'North Christie, Chad', 'Saw a vampire near North Christie, Chad.', 88, 189, '2024-08-06', ST_SetSRID(ST_MakePoint(-99.204556, -52.669625), 4326)),
(157, 36, 5, 'Lunastad, Burkina Faso', 'Saw a vampire near Lunastad, Burkina Faso.', 40, 786, '2024-02-24', ST_SetSRID(ST_MakePoint(-46.868513, -53.293992), 4326)),
(158, 13, 3, 'Johnsonchester, Ethiopia', 'Saw a dragon near Johnsonchester, Ethiopia.', 107, 260, '2024-01-10', ST_SetSRID(ST_MakePoint(64.716932, 17.201996), 4326)),
(159, 17, 1, 'Normanton, French Guiana', 'Saw a ghost near Normanton, French Guiana.', 101, 425, '2024-04-23', ST_SetSRID(ST_MakePoint(-179.054116, -38.691277), 4326)),
(160, 45, 3, 'Gregoryshire, Greece', 'Saw a dragon near Gregoryshire, Greece.', 85, 184, '2023-12-12', ST_SetSRID(ST_MakePoint(-16.954152, 37.912658), 4326)),
(161, 3, 2, 'Mccoyton, Congo', 'Saw a bigfoot near Mccoyton, Congo.', 115, 357, '2024-03-29', ST_SetSRID(ST_MakePoint(-103.027674, 67.103307), 4326)),
(162, 14, 4, 'Michaelstad, Seychelles', 'Saw a alien near Michaelstad, Seychelles.', 73, 53, '2023-08-08', ST_SetSRID(ST_MakePoint(-80.989219, -51.230186), 4326)),
(163, 3, 4, 'Kathleenville, Venezuela', 'Saw a alien near Kathleenville, Venezuela.', 91, 613, '2024-04-25', ST_SetSRID(ST_MakePoint(-76.805267, 33.978902), 4326)),
(164, 45, 1, 'West Thomas, Cayman Islands', 'Saw a ghost near West Thomas, Cayman Islands.', 57, 742, '2025-01-16', ST_SetSRID(ST_MakePoint(51.932007, -1.553628), 4326)),
(165, 7, 3, 'Lake Stevenmouth, Central African Republic', 'Saw a dragon near Lake Stevenmouth, Central African Republic.', 89, 286, '2023-12-07', ST_SetSRID(ST_MakePoint(-99.715455, -48.81419), 4326)),
(166, 49, 3, 'Simonfurt, Jersey', 'Saw a dragon near Simonfurt, Jersey.', 87, 562, '2025-04-19', ST_SetSRID(ST_MakePoint(178.651502, -11.202653), 4326)),
(167, 23, 5, 'East Jennifertown, Seychelles', 'Saw a vampire near East Jennifertown, Seychelles.', 55, 791, '2025-01-09', ST_SetSRID(ST_MakePoint(91.375012, 70.116073), 4326)),
(168, 6, 3, 'Maynardville, Marshall Islands', 'Saw a dragon near Maynardville, Marshall Islands.', 63, 730, '2024-10-17', ST_SetSRID(ST_MakePoint(20.278051, 28.615783), 4326)),
(169, 3, 4, 'West Billy, Gibraltar', 'Saw a alien near West Billy, Gibraltar.', 84, 335, '2025-03-31', ST_SetSRID(ST_MakePoint(-134.986964, -47.482126), 4326)),
(170, 22, 2, 'New Cherylfort, Turkey', 'Saw a bigfoot near New Cherylfort, Turkey.', 100, 782, '2024-01-04', ST_SetSRID(ST_MakePoint(-23.733344, -17.575579), 4326)),
(171, 49, 2, 'Whitneyhaven, Holy See (Vatican City State)', 'Saw a bigfoot near Whitneyhaven, Holy See (Vatican City State).', 108, 650, '2024-01-18', ST_SetSRID(ST_MakePoint(138.323099, 13.587654), 4326)),
(172, 37, 1, 'Sandersshire, Bangladesh', 'Saw a ghost near Sandersshire, Bangladesh.', 98, 853, '2025-02-12', ST_SetSRID(ST_MakePoint(37.02435, -5.932591), 4326)),
(173, 16, 2, 'Walkerfurt, Dominican Republic', 'Saw a bigfoot near Walkerfurt, Dominican Republic.', 71, 214, '2024-08-29', ST_SetSRID(ST_MakePoint(13.840256, 24.843747), 4326)),
(174, 12, 4, 'Huangbury, Latvia', 'Saw a alien near Huangbury, Latvia.', 65, 94, '2024-08-02', ST_SetSRID(ST_MakePoint(-38.230121, -32.818595), 4326)),
(175, 6, 2, 'Knightstad, Bhutan', 'Saw a bigfoot near Knightstad, Bhutan.', 86, 456, '2024-02-11', ST_SetSRID(ST_MakePoint(78.514777, 62.82934), 4326)),
(176, 28, 1, 'New Richard, Bulgaria', 'Saw a ghost near New Richard, Bulgaria.', 54, 679, '2024-02-23', ST_SetSRID(ST_MakePoint(171.793101, 38.647946), 4326)),
(177, 19, 3, 'Jenniferberg, Haiti', 'Saw a dragon near Jenniferberg, Haiti.', 119, 95, '2024-07-14', ST_SetSRID(ST_MakePoint(113.62912, 26.147243), 4326)),
(178, 37, 2, 'Frenchchester, Jordan', 'Saw a bigfoot near Frenchchester, Jordan.', 74, 547, '2024-02-27', ST_SetSRID(ST_MakePoint(83.736284, -57.585366), 4326)),
(179, 25, 1, 'Port Eric, Solomon Islands', 'Saw a ghost near Port Eric, Solomon Islands.', 114, 739, '2024-10-13', ST_SetSRID(ST_MakePoint(-88.478521, 42.982669), 4326)),
(180, 45, 3, 'North Kimberlyville, Montenegro', 'Saw a dragon near North Kimberlyville, Montenegro.', 47, 731, '2025-03-17', ST_SetSRID(ST_MakePoint(-78.836158, 66.15079), 4326)),
(181, 30, 3, 'North Madisonhaven, Afghanistan', 'Saw a dragon near North Madisonhaven, Afghanistan.', 64, 683, '2024-05-15', ST_SetSRID(ST_MakePoint(-145.133213, -54.837096), 4326)),
(182, 38, 1, 'Higginsburgh, Canada', 'Saw a ghost near Higginsburgh, Canada.', 48, 416, '2023-12-09', ST_SetSRID(ST_MakePoint(107.630554, 51.900332), 4326)),
(183, 43, 4, 'East Sarahtown, Poland', 'Saw a alien near East Sarahtown, Poland.', 60, 367, '2024-09-26', ST_SetSRID(ST_MakePoint(-156.09757, 34.618789), 4326)),
(184, 19, 1, 'Nancyberg, Hungary', 'Saw a ghost near Nancyberg, Hungary.', 36, 119, '2025-01-13', ST_SetSRID(ST_MakePoint(101.784472, -24.852126), 4326)),
(185, 43, 5, 'East Natalie, Kyrgyz Republic', 'Saw a vampire near East Natalie, Kyrgyz Republic.', 91, 942, '2024-11-30', ST_SetSRID(ST_MakePoint(145.46958, 73.800851), 4326)),
(186, 13, 4, 'Markbury, Guinea', 'Saw a alien near Markbury, Guinea.', 62, 550, '2024-07-03', ST_SetSRID(ST_MakePoint(-57.577975, 9.1485), 4326)),
(187, 36, 4, 'Williamsbury, Norfolk Island', 'Saw a alien near Williamsbury, Norfolk Island.', 102, 534, '2025-02-05', ST_SetSRID(ST_MakePoint(-34.565292, 25.575367), 4326)),
(188, 11, 2, 'Sonyafort, Tuvalu', 'Saw a bigfoot near Sonyafort, Tuvalu.', 36, 587, '2023-10-21', ST_SetSRID(ST_MakePoint(-104.84103, 23.193302), 4326)),
(189, 30, 1, 'Lake Erin, Western Sahara', 'Saw a ghost near Lake Erin, Western Sahara.', 88, 691, '2023-09-15', ST_SetSRID(ST_MakePoint(-59.347906, 6.620255), 4326)),
(190, 45, 3, 'East Greg, Uruguay', 'Saw a dragon near East Greg, Uruguay.', 58, 132, '2024-03-22', ST_SetSRID(ST_MakePoint(152.031212, 23.055258), 4326)),
(191, 37, 5, 'South Matthewside, Qatar', 'Saw a vampire near South Matthewside, Qatar.', 79, 516, '2023-10-07', ST_SetSRID(ST_MakePoint(-8.093639, 39.388274), 4326)),
(192, 40, 2, 'East Reginaport, Argentina', 'Saw a bigfoot near East Reginaport, Argentina.', 98, 743, '2023-11-13', ST_SetSRID(ST_MakePoint(152.463769, 15.859271), 4326)),
(193, 27, 1, 'West Michaelville, Latvia', 'Saw a ghost near West Michaelville, Latvia.', 56, 306, '2024-05-25', ST_SetSRID(ST_MakePoint(88.205999, -46.204209), 4326)),
(194, 19, 5, 'Anthonyhaven, Bhutan', 'Saw a vampire near Anthonyhaven, Bhutan.', 73, 914, '2023-08-30', ST_SetSRID(ST_MakePoint(140.953671, -17.541953), 4326)),
(195, 43, 4, 'Port Brettfurt, Somalia', 'Saw a alien near Port Brettfurt, Somalia.', 111, 51, '2024-05-21', ST_SetSRID(ST_MakePoint(-142.972369, -14.809227), 4326)),
(196, 42, 4, 'Gibbsfort, Lebanon', 'Saw a alien near Gibbsfort, Lebanon.', 44, 533, '2023-08-08', ST_SetSRID(ST_MakePoint(132.242638, 42.709679), 4326)),
(197, 19, 4, 'East Richardtown, Gibraltar', 'Saw a alien near East Richardtown, Gibraltar.', 106, 425, '2025-01-08', ST_SetSRID(ST_MakePoint(-57.003373, -34.768023), 4326)),
(198, 31, 5, 'Coletown, Guernsey', 'Saw a vampire near Coletown, Guernsey.', 44, 717, '2024-07-28', ST_SetSRID(ST_MakePoint(35.581833, 65.739188), 4326)),
(199, 20, 2, 'Jamesfurt, Bahrain', 'Saw a bigfoot near Jamesfurt, Bahrain.', 89, 524, '2024-05-27', ST_SetSRID(ST_MakePoint(99.865187, -26.76197), 4326)),
(200, 23, 4, 'Whitemouth, Spain', 'Saw a alien near Whitemouth, Spain.', 118, 198, '2024-11-29', ST_SetSRID(ST_MakePoint(-5.256898, -20.046362), 4326));