-- USERS
INSERT INTO profile.security (user_id, email, password_hash, failed_attempts, last_login) VALUES
(1, 'user1@example.com', '$2b$12$Jv9Lkx0YB.AQgWK3YALc6.j0mZB/RZBb4BysgSJ/1fIBPVsHVa65m', 0, CURRENT_TIMESTAMP),
(2, 'tammy59@gmail.com', 'hashed_password_2', 3, CURRENT_TIMESTAMP),
(3, 'donald19@archer-patel.org', 'hashed_password_3', 0, CURRENT_TIMESTAMP),
(4, 'corey15@castro-gomez.com', 'hashed_password_4', 2, CURRENT_TIMESTAMP),
(5, 'hramos@brown-sellers.com', 'hashed_password_5', 3, CURRENT_TIMESTAMP),
(6, 'ypage@garrett.com', 'hashed_password_6', 3, CURRENT_TIMESTAMP),
(7, 'jane13@walker.net', 'hashed_password_7', 2, CURRENT_TIMESTAMP),
(8, 'millerluke@hotmail.com', 'hashed_password_8', 3, CURRENT_TIMESTAMP),
(9, 'turnerkelly@gmail.com', 'hashed_password_9', 2, CURRENT_TIMESTAMP),
(10, 'tamaramorrison@hotmail.com', 'hashed_password_10', 1, CURRENT_TIMESTAMP),
(11, 'zdavis@yahoo.com', 'hashed_password_11', 1, CURRENT_TIMESTAMP),
(12, 'kellylopez@gmail.com', 'hashed_password_12', 2, CURRENT_TIMESTAMP),
(13, 'thomas12@mclean.net', 'hashed_password_13', 1, CURRENT_TIMESTAMP),
(14, 'aimee33@hotmail.com', 'hashed_password_14', 0, CURRENT_TIMESTAMP),
(15, 'shannon51@yahoo.com', 'hashed_password_15', 2, CURRENT_TIMESTAMP),
(16, 'vmatthews@sanchez.com', 'hashed_password_16', 1, CURRENT_TIMESTAMP),
(17, 'nathanjackson@cabrera-garcia.com', 'hashed_password_17', 2, CURRENT_TIMESTAMP),
(18, 'montoyacynthia@guzman.com', 'hashed_password_18', 0, CURRENT_TIMESTAMP),
(19, 'hdavis@jacobs.com', 'hashed_password_19', 0, CURRENT_TIMESTAMP),
(20, 'zclark@giles.net', 'hashed_password_20', 2, CURRENT_TIMESTAMP),
(21, 'huffchad@gmail.com', 'hashed_password_21', 3, CURRENT_TIMESTAMP),
(22, 'ryan08@yahoo.com', 'hashed_password_22', 0, CURRENT_TIMESTAMP),
(23, 'lyonspeter@howard-dennis.org', 'hashed_password_23', 2, CURRENT_TIMESTAMP),
(24, 'tammybrown@moore.com', 'hashed_password_24', 3, CURRENT_TIMESTAMP),
(25, 'alexandermaldonado@hotmail.com', 'hashed_password_25', 2, CURRENT_TIMESTAMP),
(26, 'paul42@hotmail.com', 'hashed_password_26', 1, CURRENT_TIMESTAMP),
(27, 'vharmon@williams.info', 'hashed_password_27', 3, CURRENT_TIMESTAMP),
(28, 'emily99@gmail.com', 'hashed_password_28', 3, CURRENT_TIMESTAMP),
(29, 'pgoodman@gmail.com', 'hashed_password_29', 2, CURRENT_TIMESTAMP),
(30, 'hollymoore@walsh.org', 'hashed_password_30', 0, CURRENT_TIMESTAMP),
(31, 'moralesjacqueline@yahoo.com', 'hashed_password_31', 0, CURRENT_TIMESTAMP),
(32, 'seangreen@griffin.net', 'hashed_password_32', 0, CURRENT_TIMESTAMP),
(33, 'simpsonlarry@williams-carson.biz', 'hashed_password_33', 3, CURRENT_TIMESTAMP),
(34, 'monroedavid@morales.biz', 'hashed_password_34', 0, CURRENT_TIMESTAMP),
(35, 'lewisjennifer@gmail.com', 'hashed_password_35', 3, CURRENT_TIMESTAMP),
(36, 'davidbanks@ramirez-good.com', 'hashed_password_36', 2, CURRENT_TIMESTAMP),
(37, 'bburton@yahoo.com', 'hashed_password_37', 1, CURRENT_TIMESTAMP),
(38, 'callahandennis@hotmail.com', 'hashed_password_38', 2, CURRENT_TIMESTAMP),
(39, 'wigginsjoshua@gmail.com', 'hashed_password_39', 0, CURRENT_TIMESTAMP),
(40, 'harrisjordan@potts-mays.com', 'hashed_password_40', 1, CURRENT_TIMESTAMP),
(41, 'xbowman@hotmail.com', 'hashed_password_41', 1, CURRENT_TIMESTAMP),
(42, 'nicholascarter@hernandez.com', 'hashed_password_42', 1, CURRENT_TIMESTAMP),
(43, 'morganchristine@gmail.com', 'hashed_password_43', 1, CURRENT_TIMESTAMP),
(44, 'edwardsilva@yahoo.com', 'hashed_password_44', 3, CURRENT_TIMESTAMP),
(45, 'kellywoods@gmail.com', 'hashed_password_45', 0, CURRENT_TIMESTAMP),
(46, 'hayden81@powell-murphy.biz', 'hashed_password_46', 0, CURRENT_TIMESTAMP),
(47, 'hoffmantimothy@randall-cherry.com', 'hashed_password_47', 2, CURRENT_TIMESTAMP),
(48, 'fwilson@johnson-rogers.com', 'hashed_password_48', 3, CURRENT_TIMESTAMP),
(49, 'odrake@jones.com', 'hashed_password_49', 0, CURRENT_TIMESTAMP),
(50, 'cruzcorey@stone.org', 'hashed_password_50', 2, CURRENT_TIMESTAMP);

-- CREATURES
INSERT INTO agg.creatures (creature_id, creature_name) VALUES
(1, 'Ghost'),
(2, 'Bigfoot'),
(3, 'Dragon'),
(4, 'Alien'),
(5, 'Vampire');

-- LOCATIONS
INSERT INTO info.locations (location_id, location_name, latitude, longitude) VALUES
(1, 'South Christopher, Iowa', 38.230414, -83.019438),
(2, 'Brendaburgh, Nevada', 38.138582, -76.760922),
(3, 'West Danny, Vermont', 37.966807, -68.097364),
(4, 'New Shannonborough, Delaware', 39.476455, -89.91821),
(5, 'Sandersborough, Tennessee', 35.679737, -89.415362),
(6, 'Port Jasonberg, Connecticut', 34.237628, -90.612241),
(7, 'South Nicholas, Ohio', 31.967908, -113.015303),
(8, 'North Vanessa, New York', 29.481509, -88.459156),
(9, 'New Richard, Utah', 40.759825, -96.361202),
(10, 'Richfort, Utah', 27.155785, -80.058973),
(11, 'Marthafort, South Dakota', 46.042489, -70.443901);

-- SIGHTINGS
INSERT INTO info.sightings_preview (
    user_id, creature_id, location_name, description_short,
    height_inch, weight_lb, sighting_date, geom
) VALUES
(28, 1, 'Cape Town, South Africa', 'Saw a ghost near Cape Town, South Africa.', 83, 275, '2024-10-27', ST_SetSRID(ST_MakePoint(18.4241, -33.9249), 4326)),
(17, 5, 'Edinburgh, Scotland', 'Saw a vampire near Edinburgh, Scotland.', 57, 491, '2024-09-30', ST_SetSRID(ST_MakePoint(-3.1883, 55.9533), 4326)),
(13, 3, 'Auckland, New Zealand', 'Saw a dragon near Auckland, New Zealand.', 50, 115, '2023-10-07', ST_SetSRID(ST_MakePoint(174.7633, -36.8485), 4326)),
(45, 1, 'Brisbane, Australia', 'Saw a ghost near Brisbane, Australia.', 103, 512, '2024-03-15', ST_SetSRID(ST_MakePoint(153.0251, -27.4698), 4326)),
(49, 2, 'Tokyo, Japan', 'Saw a bigfoot near Tokyo, Japan.', 51, 559, '2023-06-25', ST_SetSRID(ST_MakePoint(139.6917, 35.6895), 4326)),
(26, 3, 'Anchorage, Alaska, USA', 'Saw a dragon near Anchorage, Alaska, USA.', 62, 706, '2024-02-02', ST_SetSRID(ST_MakePoint(-149.9003, 61.2181), 4326)),
(3, 2, 'Kathmandu, Nepal', 'Saw a bigfoot near Kathmandu, Nepal.', 115, 199, '2023-10-09', ST_SetSRID(ST_MakePoint(85.324, 27.7172), 4326)),
(7, 2, 'Reykjavik, Iceland', 'Saw a bigfoot near Reykjavik, Iceland.', 94, 437, '2023-11-10', ST_SetSRID(ST_MakePoint(-21.8954, 64.1355), 4326)),
(24, 5, 'Berlin, Germany', 'Saw a vampire near Berlin, Germany.', 55, 157, '2024-07-19', ST_SetSRID(ST_MakePoint(13.405, 52.52), 4326)),
(39, 4, 'Chiang Mai, Thailand', 'Saw a alien near Chiang Mai, Thailand.', 54, 627, '2024-12-15', ST_SetSRID(ST_MakePoint(98.9853, 18.7883), 4326)),
(26, 4, 'Kigali, Rwanda', 'Saw a alien near Kigali, Rwanda.', 102, 557, '2023-08-29', ST_SetSRID(ST_MakePoint(30.1127, -1.9579), 4326)),
(44, 3, 'Vancouver, Canada', 'Saw a dragon near Vancouver, Canada.', 99, 560, '2024-03-21', ST_SetSRID(ST_MakePoint(-123.1207, 49.2827), 4326)),
(41, 2, 'La Paz, Bolivia', 'Saw a bigfoot near La Paz, Bolivia.', 105, 674, '2023-09-18', ST_SetSRID(ST_MakePoint(-68.15, -16.5), 4326)),
(15, 1, 'Quito, Ecuador', 'Saw a ghost near Quito, Ecuador.', 79, 772, '2024-01-25', ST_SetSRID(ST_MakePoint(-78.4678, -0.1807), 4326)),
(48, 3, 'Seoul, South Korea', 'Saw a dragon near Seoul, South Korea.', 77, 86, '2023-07-20', ST_SetSRID(ST_MakePoint(126.978, 37.5665), 4326)),
(34, 2, 'Santiago, Chile', 'Saw a bigfoot near Santiago, Chile.', 68, 667, '2023-06-10', ST_SetSRID(ST_MakePoint(-70.6693, -33.4489), 4326)),
(10, 4, 'Nairobi, Kenya', 'Saw a alien near Nairobi, Kenya.', 110, 351, '2025-01-19', ST_SetSRID(ST_MakePoint(36.8219, -1.2921), 4326)),
(46, 4, 'São Paulo, Brazil', 'Saw a alien near São Paulo, Brazil.', 44, 869, '2025-02-20', ST_SetSRID(ST_MakePoint(-46.6333, -23.5505), 4326)),
(6, 5, 'Dublin, Ireland', 'Saw a vampire near Dublin, Ireland.', 41, 117, '2025-02-12', ST_SetSRID(ST_MakePoint(-6.2603, 53.3498), 4326)),
(15, 2, 'Toronto, Ontario, Canada', 'Saw a bigfoot near Toronto, Ontario, Canada.', 41, 357, '2024-10-18', ST_SetSRID(ST_MakePoint(-79.347015, 43.65107), 4326)),
(1, 4, 'Austin, Texas, USA', 'Saw a alien near Austin, Texas, USA.', 78, 932, '2023-05-13', ST_SetSRID(ST_MakePoint(-97.7431, 30.2672), 4326)),
(11, 2, 'Melbourne, Australia', 'Saw a bigfoot near Melbourne, Australia.', 119, 521, '2025-03-23', ST_SetSRID(ST_MakePoint(144.9631, -37.8136), 4326)),
(24, 5, 'Boulder, Colorado, USA', 'Saw a vampire near Boulder, Colorado, USA.', 84, 972, '2024-06-03', ST_SetSRID(ST_MakePoint(-105.2705, 40.015), 4326)),
(34, 5, 'Panama City, Panama', 'Saw a vampire near Panama City, Panama.', 40, 637, '2024-04-06', ST_SetSRID(ST_MakePoint(-79.5199, 8.9824), 4326)),
(6, 5, 'Lima, Peru', 'Saw a vampire near Lima, Peru.', 112, 128, '2024-11-26', ST_SetSRID(ST_MakePoint(-77.0428, -12.0464), 4326)),
(48, 4, 'Accra, Ghana', 'Saw a alien near Accra, Ghana.', 62, 346, '2024-09-28', ST_SetSRID(ST_MakePoint(-0.187, 5.6037), 4326)),
(35, 5, 'Sydney, Australia', 'Saw a vampire near Sydney, Australia.', 89, 895, '2023-09-25', ST_SetSRID(ST_MakePoint(151.2093, -33.8688), 4326)),
(31, 4, 'Tashkent, Uzbekistan', 'Saw a alien near Tashkent, Uzbekistan.', 113, 650, '2023-07-23', ST_SetSRID(ST_MakePoint(69.2401, 41.2995), 4326)),
(15, 1, 'Taipei, Taiwan', 'Saw a ghost near Taipei, Taiwan.', 120, 956, '2024-05-12', ST_SetSRID(ST_MakePoint(121.5654, 25.033), 4326)),
(1, 2, 'Ulaanbaatar, Mongolia', 'Saw a bigfoot near Ulaanbaatar, Mongolia.', 74, 569, '2024-02-25', ST_SetSRID(ST_MakePoint(106.9057, 47.8864), 4326)),
(37, 3, 'Bogotá, Colombia', 'Saw a dragon near Bogotá, Colombia.', 78, 117, '2023-11-07', ST_SetSRID(ST_MakePoint(-74.0721, 4.711), 4326)),
(32, 3, 'Mexico City, Mexico', 'Saw a dragon near Mexico City, Mexico.', 74, 841, '2023-09-29', ST_SetSRID(ST_MakePoint(-99.1332, 19.4326), 4326)),
(27, 4, 'Montreal, Canada', 'Saw a alien near Montreal, Canada.', 85, 113, '2024-08-31', ST_SetSRID(ST_MakePoint(-73.5673, 45.5017), 4326)),
(11, 2, 'Seattle, Washington, USA', 'Saw a bigfoot near Seattle, Washington, USA.', 66, 343, '2023-05-24', ST_SetSRID(ST_MakePoint(-122.3321, 47.6062), 4326)),
(47, 3, 'Rome, Italy', 'Saw a dragon near Rome, Italy.', 43, 86, '2024-12-31', ST_SetSRID(ST_MakePoint(12.4964, 41.9028), 4326)),
(31, 4, 'Delhi, India', 'Saw a alien near Delhi, India.', 54, 553, '2023-10-06', ST_SetSRID(ST_MakePoint(77.209, 28.6139), 4326)),
(39, 1, 'Medellin, Colombia', 'Saw a ghost near Medellin, Colombia.', 55, 879, '2024-08-18', ST_SetSRID(ST_MakePoint(-75.5812, 6.2442), 4326)),
(23, 4, 'Oslo, Norway', 'Saw a alien near Oslo, Norway.', 40, 676, '2023-08-13', ST_SetSRID(ST_MakePoint(10.7522, 59.9139), 4326)),
(30, 4, 'Denver, Colorado, USA', 'Saw a alien near Denver, Colorado, USA.', 94, 98, '2023-07-12', ST_SetSRID(ST_MakePoint(-104.9903, 39.7392), 4326)),
(7, 4, 'Chicago, Illinois, USA', 'Saw a alien near Chicago, Illinois, USA.', 55, 70, '2023-09-22', ST_SetSRID(ST_MakePoint(-87.6298, 41.8781), 4326)),
(3, 5, 'Madrid, Spain', 'Saw a vampire near Madrid, Spain.', 115, 185, '2024-04-12', ST_SetSRID(ST_MakePoint(-3.7038, 40.4168), 4326)),
(41, 3, 'San Juan, Puerto Rico', 'Saw a dragon near San Juan, Puerto Rico.', 49, 766, '2024-02-09', ST_SetSRID(ST_MakePoint(-66.1057, 18.4655), 4326)),
(36, 3, 'Buenos Aires, Argentina', 'Saw a dragon near Buenos Aires, Argentina.', 60, 442, '2024-01-27', ST_SetSRID(ST_MakePoint(-58.3816, -34.6037), 4326)),
(25, 2, 'East Sueburgh, Tanzania', 'Saw a bigfoot near East Sueburgh, Tanzania.', 76, 969, '2024-06-27', ST_SetSRID(ST_MakePoint(142.708902, -16.911703), 4326)),
(45, 4, 'Millerhaven, France', 'Saw a alien near Millerhaven, France.', 50, 474, '2024-10-07', ST_SetSRID(ST_MakePoint(-67.704073, -47.669264), 4326)),
(46, 3, 'Barnesmouth, Thailand', 'Saw a dragon near Barnesmouth, Thailand.', 83, 200, '2024-09-26', ST_SetSRID(ST_MakePoint(125.307524, -19.30753), 4326)),
(47, 3, 'Brownville, Uganda', 'Saw a dragon near Brownville, Uganda.', 117, 338, '2023-06-06', ST_SetSRID(ST_MakePoint(121.455839, -26.51242), 4326)),
(39, 1, 'Tonyaview, New Zealand', 'Saw a ghost near Tonyaview, New Zealand.', 65, 972, '2024-11-01', ST_SetSRID(ST_MakePoint(9.806816, 49.4413), 4326)),
(19, 2, 'Parkerchester, Timor-Leste', 'Saw a bigfoot near Parkerchester, Timor-Leste.', 71, 98, '2025-04-02', ST_SetSRID(ST_MakePoint(150.0686, -23.802969), 4326)),
(43, 1, 'Brooksland, Saint Kitts and Nevis', 'Saw a ghost near Brooksland, Saint Kitts and Nevis.', 93, 702, '2023-06-23', ST_SetSRID(ST_MakePoint(-96.656472, -25.126145), 4326)),
(14, 2, 'New Veronicashire, Malawi', 'Saw a bigfoot near New Veronicashire, Malawi.', 78, 143, '2024-01-04', ST_SetSRID(ST_MakePoint(-35.926585, -20.813543), 4326)),
(27, 3, 'New Jimmyton, Solomon Islands', 'Saw a dragon near New Jimmyton, Solomon Islands.', 110, 606, '2023-07-05', ST_SetSRID(ST_MakePoint(-83.178455, -22.169463), 4326)),
(26, 3, 'Christophershire, Trinidad and Tobago', 'Saw a dragon near Christophershire, Trinidad and Tobago.', 46, 914, '2024-02-20', ST_SetSRID(ST_MakePoint(-4.129801, 38.183618), 4326)),
(34, 2, 'Port Patricia, Western Sahara', 'Saw a bigfoot near Port Patricia, Western Sahara.', 96, 474, '2025-04-11', ST_SetSRID(ST_MakePoint(137.220415, 36.637905), 4326)),
(49, 3, 'West Kenneth, United States of America', 'Saw a dragon near West Kenneth, United States of America.', 58, 315, '2023-09-11', ST_SetSRID(ST_MakePoint(35.907657, 48.086464), 4326)),
(26, 3, 'East David, Denmark', 'Saw a dragon near East David, Denmark.', 95, 798, '2023-11-08', ST_SetSRID(ST_MakePoint(28.973112, 38.442997), 4326)),
(36, 2, 'Kramerberg, Saint Pierre and Miquelon', 'Saw a bigfoot near Kramerberg, Saint Pierre and Miquelon.', 57, 518, '2024-08-12', ST_SetSRID(ST_MakePoint(-37.041342, 28.846264), 4326)),
(3, 2, 'Jamesberg, Ukraine', 'Saw a bigfoot near Jamesberg, Ukraine.', 36, 762, '2025-02-05', ST_SetSRID(ST_MakePoint(27.824097, 55.368975), 4326)),
(37, 3, 'Dicksonburgh, Congo', 'Saw a dragon near Dicksonburgh, Congo.', 116, 962, '2025-02-26', ST_SetSRID(ST_MakePoint(139.758026, -23.892566), 4326)),
(38, 3, 'West Amandafort, Philippines', 'Saw a dragon near West Amandafort, Philippines.', 56, 76, '2023-07-29', ST_SetSRID(ST_MakePoint(153.149281, -30.527229), 4326)),
(28, 4, 'Christopherview, Somalia', 'Saw a alien near Christopherview, Somalia.', 46, 86, '2024-07-30', ST_SetSRID(ST_MakePoint(49.993999, -3.954581), 4326)),
(18, 2, 'North Patricia, Swaziland', 'Saw a bigfoot near North Patricia, Swaziland.', 111, 539, '2023-09-29', ST_SetSRID(ST_MakePoint(35.289438, 12.072703), 4326)),
(23, 4, 'South Davidfort, Martinique', 'Saw a alien near South Davidfort, Martinique.', 105, 367, '2023-05-23', ST_SetSRID(ST_MakePoint(50.398866, -28.97173), 4326)),
(20, 1, 'Stefanieburgh, Korea', 'Saw a ghost near Stefanieburgh, Korea.', 50, 158, '2023-12-23', ST_SetSRID(ST_MakePoint(30.966391, -1.882283), 4326)),
(29, 1, 'Hallview, Peru', 'Saw a ghost near Hallview, Peru.', 111, 526, '2024-10-22', ST_SetSRID(ST_MakePoint(-61.231562, 57.97316), 4326)),
(10, 4, 'North Michael, Faroe Islands', 'Saw a alien near North Michael, Faroe Islands.', 107, 749, '2024-01-20', ST_SetSRID(ST_MakePoint(-52.937911, -9.546985), 4326)),
(11, 2, 'Jefferyside, India', 'Saw a bigfoot near Jefferyside, India.', 97, 451, '2023-06-11', ST_SetSRID(ST_MakePoint(140.974779, -30.83302), 4326)),
(7, 2, 'South Daniel, Namibia', 'Saw a bigfoot near South Daniel, Namibia.', 78, 845, '2025-03-27', ST_SetSRID(ST_MakePoint(-2.032685, 38.389133), 4326)),
(20, 3, 'New Melissamouth, Cambodia', 'Saw a dragon near New Melissamouth, Cambodia.', 58, 649, '2024-03-15', ST_SetSRID(ST_MakePoint(-118.543623, 53.758381), 4326)),
(26, 4, 'Paulaside, Congo', 'Saw a alien near Paulaside, Congo.', 107, 70, '2024-12-03', ST_SetSRID(ST_MakePoint(-33.845243, 8.641641), 4326)),
(37, 1, 'Lake Casey, Kazakhstan', 'Saw a ghost near Lake Casey, Kazakhstan.', 74, 428, '2024-01-01', ST_SetSRID(ST_MakePoint(153.584133, -19.182699), 4326)),
(6, 4, 'Huntstad, Syrian Arab Republic', 'Saw a alien near Huntstad, Syrian Arab Republic.', 64, 346, '2025-02-19', ST_SetSRID(ST_MakePoint(85.973886, 34.849421), 4326)),
(8, 1, 'Fitzgeraldfurt, Mayotte', 'Saw a ghost near Fitzgeraldfurt, Mayotte.', 78, 483, '2023-07-28', ST_SetSRID(ST_MakePoint(48.260631, -33.549161), 4326)),
(7, 3, 'Lake Austin, New Zealand', 'Saw a dragon near Lake Austin, New Zealand.', 95, 892, '2024-03-31', ST_SetSRID(ST_MakePoint(-8.039496, 45.447733), 4326)),
(50, 3, 'Clarkborough, India', 'Saw a dragon near Clarkborough, India.', 69, 478, '2023-06-29', ST_SetSRID(ST_MakePoint(129.281989, -16.62208), 4326)),
(37, 4, 'New Richardhaven, Peru', 'Saw a alien near New Richardhaven, Peru.', 91, 293, '2024-04-18', ST_SetSRID(ST_MakePoint(38.088537, 5.47174), 4326)),
(19, 2, 'North James, Dominican Republic', 'Saw a bigfoot near North James, Dominican Republic.', 48, 626, '2023-07-04', ST_SetSRID(ST_MakePoint(-46.653348, 2.572158), 4326)),
(19, 3, 'Russellside, Croatia', 'Saw a dragon near Russellside, Croatia.', 49, 374, '2024-06-03', ST_SetSRID(ST_MakePoint(37.128101, 39.521905), 4326)),
(37, 3, 'East Travis, Congo', 'Saw a dragon near East Travis, Congo.', 103, 96, '2025-04-09', ST_SetSRID(ST_MakePoint(-30.453867, -54.464356), 4326)),
(8, 2, 'New Davidborough, Mayotte', 'Saw a bigfoot near New Davidborough, Mayotte.', 68, 750, '2024-07-13', ST_SetSRID(ST_MakePoint(131.878671, -19.933875), 4326)),
(12, 1, 'Burkeview, Peru', 'Saw a ghost near Burkeview, Peru.', 42, 51, '2025-01-02', ST_SetSRID(ST_MakePoint(-50.099734, -6.100138), 4326)),
(4, 4, 'Bowmantown, Guernsey', 'Saw a alien near Bowmantown, Guernsey.', 47, 363, '2024-01-15', ST_SetSRID(ST_MakePoint(26.240412, 65.62987), 4326)),
(41, 4, 'Lake Deanna, Congo', 'Saw a alien near Lake Deanna, Congo.', 56, 936, '2024-03-29', ST_SetSRID(ST_MakePoint(25.794394, 52.655212), 4326)),
(45, 5, 'New Evelyn, Sweden', 'Saw a vampire near New Evelyn, Sweden.', 110, 992, '2023-04-27', ST_SetSRID(ST_MakePoint(15.124285, 66.460877), 4326)),
(4, 5, 'East Shawn, Bermuda', 'Saw a vampire near East Shawn, Bermuda.', 115, 683, '2024-08-03', ST_SetSRID(ST_MakePoint(0.071314, 50.889606), 4326)),
(10, 4, 'Maryport, India', 'Saw a alien near Maryport, India.', 114, 902, '2024-01-02', ST_SetSRID(ST_MakePoint(37.248748, 4.813525), 4326)),
(44, 1, 'Natalieland, New Zealand', 'Saw a ghost near Natalieland, New Zealand.', 58, 638, '2023-07-27', ST_SetSRID(ST_MakePoint(136.401487, 32.85272), 4326)),
(40, 4, 'Woodland, Denmark', 'Saw a alien near Woodland, Denmark.', 82, 706, '2025-02-18', ST_SetSRID(ST_MakePoint(21.070209, 46.064116), 4326)),
(14, 4, 'South Sandra, Dominican Republic', 'Saw a alien near South Sandra, Dominican Republic.', 88, 649, '2025-02-15', ST_SetSRID(ST_MakePoint(97.540794, 29.010239), 4326)),
(47, 4, 'South Justinhaven, Tanzania', 'Saw a alien near South Justinhaven, Tanzania.', 46, 60, '2024-08-25', ST_SetSRID(ST_MakePoint(52.824535, 0.046452), 4326)),
(3, 3, 'Jocelynberg, Brazil', 'Saw a dragon near Jocelynberg, Brazil.', 79, 845, '2024-05-20', ST_SetSRID(ST_MakePoint(-56.198249, 3.690689), 4326)),
(37, 3, 'Lukeland, Guyana', 'Saw a dragon near Lukeland, Guyana.', 109, 938, '2025-03-23', ST_SetSRID(ST_MakePoint(138.524455, -10.416683), 4326)),
(45, 3, 'East Virginia, Maldives', 'Saw a dragon near East Virginia, Maldives.', 59, 959, '2024-10-14', ST_SetSRID(ST_MakePoint(134.457459, 13.208539), 4326)),
(7, 5, 'Curtisfurt, Indonesia', 'Saw a vampire near Curtisfurt, Indonesia.', 60, 84, '2023-05-19', ST_SetSRID(ST_MakePoint(139.971298, -16.401452), 4326)),
(39, 1, 'South Chris, Niue', 'Saw a ghost near South Chris, Niue.', 38, 804, '2024-09-16', ST_SetSRID(ST_MakePoint(113.800511, -24.082129), 4326)),
(9, 5, 'New Jacob, Netherlands Antilles', 'Saw a vampire near New Jacob, Netherlands Antilles.', 113, 980, '2024-05-06', ST_SetSRID(ST_MakePoint(-5.789563, 58.325343), 4326)),
(15, 4, 'Ericberg, Turkey', 'Saw a alien near Ericberg, Turkey.', 108, 143, '2024-07-09', ST_SetSRID(ST_MakePoint(145.425785, -33.08657), 4326)),
(30, 2, 'Bakerborough, Brazil', 'Saw a bigfoot near Bakerborough, Brazil.', 94, 667, '2023-08-22', ST_SetSRID(ST_MakePoint(145.531426, 20.038533), 4326)),
(32, 5, 'South Sabrina, Martinique', 'Saw a vampire near South Sabrina, Martinique.', 43, 971, '2024-03-16', ST_SetSRID(ST_MakePoint(115.092509, -28.750503), 4326)),
(30, 5, 'Port Benjamin, Sao Tome and Principe', 'Saw a vampire near Port Benjamin, Sao Tome and Principe.', 52, 852, '2024-04-21', ST_SetSRID(ST_MakePoint(48.881585, -19.788498), 4326)),
(33, 2, 'Lake Michaelville, Bolivia', 'Saw a bigfoot near Lake Michaelville, Bolivia.', 104, 643, '2024-05-09', ST_SetSRID(ST_MakePoint(47.505731, -32.264487), 4326)),
(34, 1, 'New Brad, Tokelau', 'Saw a ghost near New Brad, Tokelau.', 64, 769, '2024-10-24', ST_SetSRID(ST_MakePoint(115.919485, -34.226117), 4326)),
(25, 3, 'South Lorraineshire, Equatorial Guinea', 'Saw a dragon near South Lorraineshire, Equatorial Guinea.', 62, 123, '2024-10-18', ST_SetSRID(ST_MakePoint(-31.871581, 9.446709), 4326)),
(10, 2, 'Martinville, Philippines', 'Saw a bigfoot near Martinville, Philippines.', 96, 678, '2025-01-19', ST_SetSRID(ST_MakePoint(44.933823, 30.771766), 4326)),
(47, 3, 'South Debra, Nigeria', 'Saw a dragon near South Debra, Nigeria.', 74, 767, '2023-10-27', ST_SetSRID(ST_MakePoint(25.514041, -14.062064), 4326)),
(16, 2, 'East Douglasberg, Tonga', 'Saw a bigfoot near East Douglasberg, Tonga.', 88, 722, '2024-08-28', ST_SetSRID(ST_MakePoint(52.740298, -8.802693), 4326)),
(19, 2, 'Port Kathryn, Swaziland', 'Saw a bigfoot near Port Kathryn, Swaziland.', 57, 909, '2024-07-24', ST_SetSRID(ST_MakePoint(-59.754406, 8.331356), 4326)),
(43, 5, 'North Daniel, Bhutan', 'Saw a vampire near North Daniel, Bhutan.', 40, 347, '2023-11-17', ST_SetSRID(ST_MakePoint(-95.956605, -15.249798), 4326)),
(3, 2, 'Rayview, Morocco', 'Saw a bigfoot near Rayview, Morocco.', 107, 911, '2024-03-13', ST_SetSRID(ST_MakePoint(-3.25285, 63.859714), 4326)),
(15, 5, 'Lake Charlesmouth, Bahamas', 'Saw a vampire near Lake Charlesmouth, Bahamas.', 52, 833, '2024-01-16', ST_SetSRID(ST_MakePoint(36.639636, 47.932087), 4326)),
(40, 2, 'Jonathanchester, Iceland', 'Saw a bigfoot near Jonathanchester, Iceland.', 38, 662, '2025-03-25', ST_SetSRID(ST_MakePoint(14.118241, 63.825409), 4326)),
(13, 5, 'West Deniseborough, Singapore', 'Saw a vampire near West Deniseborough, Singapore.', 84, 266, '2023-06-30', ST_SetSRID(ST_MakePoint(-123.798828, -4.704052), 4326)),
(35, 1, 'East Monique, Croatia', 'Saw a ghost near East Monique, Croatia.', 69, 524, '2024-04-07', ST_SetSRID(ST_MakePoint(34.113887, -34.734836), 4326)),
(4, 4, 'Territown, Serbia', 'Saw a alien near Territown, Serbia.', 53, 945, '2023-11-02', ST_SetSRID(ST_MakePoint(-98.520849, 48.464136), 4326)),
(40, 3, 'Laneside, Bulgaria', 'Saw a dragon near Laneside, Bulgaria.', 94, 385, '2024-10-25', ST_SetSRID(ST_MakePoint(-45.356571, -7.283438), 4326)),
(43, 1, 'Jenniferside, Iceland', 'Saw a ghost near Jenniferside, Iceland.', 46, 473, '2025-04-08', ST_SetSRID(ST_MakePoint(-70.115135, -8.787089), 4326)),
(22, 4, 'West Cody, Pakistan', 'Saw a alien near West Cody, Pakistan.', 107, 451, '2024-08-27', ST_SetSRID(ST_MakePoint(125.184569, -29.817047), 4326)),
(5, 4, 'Joelview, United Kingdom', 'Saw a alien near Joelview, United Kingdom.', 98, 904, '2024-12-13', ST_SetSRID(ST_MakePoint(95.233118, 18.65212), 4326)),
(15, 3, 'Christopherberg, Korea', 'Saw a dragon near Christopherberg, Korea.', 113, 578, '2023-05-12', ST_SetSRID(ST_MakePoint(-129.826166, -0.202215), 4326)),
(26, 4, 'Churchmouth, Austria', 'Saw a alien near Churchmouth, Austria.', 58, 79, '2024-08-24', ST_SetSRID(ST_MakePoint(27.800588, 38.20469), 4326)),
(39, 1, 'Williamchester, Lao Peoples Democratic Republic', 'Saw a ghost near Williamchester, Lao Peoples Democratic Republic.', 45, 259, '2024-08-08', ST_SetSRID(ST_MakePoint(-120.120912, -45.275659), 4326)),
(39, 5, 'East Mary, Ethiopia', 'Saw a vampire near East Mary, Ethiopia.', 110, 846, '2023-07-14', ST_SetSRID(ST_MakePoint(21.932601, -12.509836), 4326)),
(44, 3, 'Zimmermanborough, Libyan Arab Jamahiriya', 'Saw a dragon near Zimmermanborough, Libyan Arab Jamahiriya.', 118, 150, '2025-03-05', ST_SetSRID(ST_MakePoint(-52.774961, -0.468976), 4326)),
(2, 3, 'Bakerfurt, Bulgaria', 'Saw a dragon near Bakerfurt, Bulgaria.', 43, 725, '2024-08-06', ST_SetSRID(ST_MakePoint(-41.455232, 7.951044), 4326)),
(37, 3, 'Adamsburgh, Puerto Rico', 'Saw a dragon near Adamsburgh, Puerto Rico.', 59, 300, '2023-05-04', ST_SetSRID(ST_MakePoint(-129.455427, -4.589956), 4326)),
(39, 5, 'West Jose, Romania', 'Saw a vampire near West Jose, Romania.', 57, 886, '2025-02-18', ST_SetSRID(ST_MakePoint(-54.582952, 8.447098), 4326)),
(9, 2, 'Lake Anthonyport, Gibraltar', 'Saw a bigfoot near Lake Anthonyport, Gibraltar.', 70, 888, '2024-08-17', ST_SetSRID(ST_MakePoint(147.410186, -17.814248), 4326)),
(9, 1, 'West Robert, Venezuela', 'Saw a ghost near West Robert, Venezuela.', 70, 510, '2023-07-30', ST_SetSRID(ST_MakePoint(23.03077, 59.507176), 4326)),
(13, 3, 'East Michaelfort, Kenya', 'Saw a dragon near East Michaelfort, Kenya.', 67, 94, '2023-09-03', ST_SetSRID(ST_MakePoint(20.310492, -10.8353), 4326)),
(37, 1, 'Ronaldchester, Ireland', 'Saw a ghost near Ronaldchester, Ireland.', 92, 316, '2024-01-30', ST_SetSRID(ST_MakePoint(-111.250925, -22.806958), 4326)),
(42, 4, 'North Angelamouth, Bulgaria', 'Saw a alien near North Angelamouth, Bulgaria.', 70, 380, '2023-07-05', ST_SetSRID(ST_MakePoint(114.760005, -12.756196), 4326)),
(21, 2, 'Port Aliciafurt, Palau', 'Saw a bigfoot near Port Aliciafurt, Palau.', 103, 981, '2024-04-28', ST_SetSRID(ST_MakePoint(32.327778, -11.130557), 4326)),
(47, 2, 'South Dana, Bhutan', 'Saw a bigfoot near South Dana, Bhutan.', 42, 95, '2024-03-14', ST_SetSRID(ST_MakePoint(132.014106, -18.448149), 4326)),
(11, 5, 'Lake Maryburgh, Gabon', 'Saw a vampire near Lake Maryburgh, Gabon.', 110, 535, '2023-11-24', ST_SetSRID(ST_MakePoint(126.050053, -13.363472), 4326)),
(2, 2, 'New Elizabethmouth, Afghanistan', 'Saw a bigfoot near New Elizabethmouth, Afghanistan.', 106, 329, '2023-08-12', ST_SetSRID(ST_MakePoint(121.066824, -12.197687), 4326)),
(20, 5, 'North Matthewmouth, Korea', 'Saw a vampire near North Matthewmouth, Korea.', 69, 69, '2025-02-07', ST_SetSRID(ST_MakePoint(10.291975, 67.064029), 4326)),
(37, 3, 'East Nicholas, Paraguay', 'Saw a dragon near East Nicholas, Paraguay.', 79, 893, '2024-07-08', ST_SetSRID(ST_MakePoint(-62.643259, 8.522022), 4326)),
(39, 2, 'Greenburgh, Wallis and Futuna', 'Saw a bigfoot near Greenburgh, Wallis and Futuna.', 100, 293, '2024-04-05', ST_SetSRID(ST_MakePoint(89.432798, 41.813949), 4326)),
(46, 5, 'Smithtown, Botswana', 'Saw a vampire near Smithtown, Botswana.', 62, 687, '2024-01-03', ST_SetSRID(ST_MakePoint(117.477981, -34.546765), 4326)),
(26, 3, 'West Amy, Macao', 'Saw a dragon near West Amy, Macao.', 105, 437, '2024-12-16', ST_SetSRID(ST_MakePoint(153.820423, -26.401935), 4326)),
(19, 2, 'Pamelaville, Mauritius', 'Saw a bigfoot near Pamelaville, Mauritius.', 118, 598, '2024-08-12', ST_SetSRID(ST_MakePoint(129.605343, -26.737097), 4326)),
(6, 3, 'Joybury, Uruguay', 'Saw a dragon near Joybury, Uruguay.', 94, 983, '2025-01-30', ST_SetSRID(ST_MakePoint(-66.063158, -7.884168), 4326)),
(35, 1, 'Lake Franklinburgh, Chad', 'Saw a ghost near Lake Franklinburgh, Chad.', 68, 267, '2024-04-17', ST_SetSRID(ST_MakePoint(16.94427, 66.247434), 4326)),
(2, 3, 'Rebeccaburgh, Kazakhstan', 'Saw a dragon near Rebeccaburgh, Kazakhstan.', 100, 50, '2024-10-20', ST_SetSRID(ST_MakePoint(6.265385, 39.141009), 4326)),
(16, 4, 'New Nicholasville, Bolivia', 'Saw a alien near New Nicholasville, Bolivia.', 65, 320, '2023-12-18', ST_SetSRID(ST_MakePoint(-4.893419, 47.589397), 4326)),
(35, 5, 'Lake Kaylaborough, Equatorial Guinea', 'Saw a vampire near Lake Kaylaborough, Equatorial Guinea.', 70, 937, '2024-11-03', ST_SetSRID(ST_MakePoint(-47.44223, -54.278259), 4326)),
(50, 5, 'Perezhaven, Moldova', 'Saw a vampire near Perezhaven, Moldova.', 36, 641, '2025-01-31', ST_SetSRID(ST_MakePoint(152.319115, -12.009939), 4326)),
(31, 3, 'Jacobtown, Myanmar', 'Saw a dragon near Jacobtown, Myanmar.', 52, 444, '2024-03-13', ST_SetSRID(ST_MakePoint(44.040141, -18.17666), 4326)),
(43, 1, 'West Michael, Germany', 'Saw a ghost near West Michael, Germany.', 47, 743, '2024-04-23', ST_SetSRID(ST_MakePoint(-87.730973, -27.788553), 4326)),
(9, 4, 'Gilmoreview, Guatemala', 'Saw a alien near Gilmoreview, Guatemala.', 50, 165, '2023-11-19', ST_SetSRID(ST_MakePoint(145.796976, -33.203936), 4326)),
(13, 5, 'East Natasha, United Arab Emirates', 'Saw a vampire near East Natasha, United Arab Emirates.', 83, 930, '2024-04-15', ST_SetSRID(ST_MakePoint(29.158973, 38.586186), 4326)),
(44, 3, 'Dawnstad, Lebanon', 'Saw a dragon near Dawnstad, Lebanon.', 61, 562, '2024-08-17', ST_SetSRID(ST_MakePoint(-64.260684, 10.676312), 4326)),
(14, 5, 'Emmatown, Bosnia and Herzegovina', 'Saw a vampire near Emmatown, Bosnia and Herzegovina.', 97, 293, '2024-04-12', ST_SetSRID(ST_MakePoint(31.44595, 44.615172), 4326)),
(1, 5, 'East Lisa, Zambia', 'Saw a vampire near East Lisa, Zambia.', 75, 729, '2024-10-16', ST_SetSRID(ST_MakePoint(-47.5952, 18.796966), 4326)),
(42, 4, 'Andreaton, Liechtenstein', 'Saw a alien near Andreaton, Liechtenstein.', 114, 698, '2024-03-08', ST_SetSRID(ST_MakePoint(-9.106311, 66.612398), 4326)),
(15, 4, 'Connermouth, Heard Island and McDonald Islands', 'Saw a alien near Connermouth, Heard Island and McDonald Islands.', 53, 659, '2023-05-01', ST_SetSRID(ST_MakePoint(114.854356, 54.910138), 4326)),
(11, 4, 'New James, Liechtenstein', 'Saw a alien near New James, Liechtenstein.', 45, 263, '2023-08-02', ST_SetSRID(ST_MakePoint(132.862953, -15.989375), 4326)),
(27, 3, 'Lake Aprilside, Iraq', 'Saw a dragon near Lake Aprilside, Iraq.', 58, 806, '2024-08-10', ST_SetSRID(ST_MakePoint(46.228677, -9.628854), 4326)),
(32, 3, 'Jaredchester, Angola', 'Saw a dragon near Jaredchester, Angola.', 41, 123, '2024-06-17', ST_SetSRID(ST_MakePoint(-43.94129, 61.634818), 4326)),
(23, 5, 'Lovemouth, Saint Vincent and the Grenadines', 'Saw a vampire near Lovemouth, Saint Vincent and the Grenadines.', 97, 920, '2025-04-01', ST_SetSRID(ST_MakePoint(62.890565, 39.471771), 4326)),
(41, 4, 'East Christinachester, Kiribati', 'Saw a alien near East Christinachester, Kiribati.', 51, 256, '2024-10-19', ST_SetSRID(ST_MakePoint(40.003986, 22.659942), 4326)),
(17, 3, 'Calebton, Benin', 'Saw a dragon near Calebton, Benin.', 103, 661, '2024-01-15', ST_SetSRID(ST_MakePoint(-60.535961, -9.01323), 4326)),
(8, 3, 'Schneiderfurt, Slovenia', 'Saw a dragon near Schneiderfurt, Slovenia.', 47, 326, '2024-09-03', ST_SetSRID(ST_MakePoint(124.798577, -14.326355), 4326)),
(21, 5, 'West Todd, Iran', 'Saw a vampire near West Todd, Iran.', 54, 910, '2024-06-25', ST_SetSRID(ST_MakePoint(114.681328, -25.016521), 4326)),
(17, 3, 'Lake Ryanport, Peru', 'Saw a dragon near Lake Ryanport, Peru.', 56, 627, '2024-05-02', ST_SetSRID(ST_MakePoint(52.593661, 0.381461), 4326)),
(21, 2, 'South Emily, Jersey', 'Saw a bigfoot near South Emily, Jersey.', 68, 855, '2025-04-03', ST_SetSRID(ST_MakePoint(-82.680284, -41.133466), 4326)),
(36, 5, 'Kleinshire, Saint Helena', 'Saw a vampire near Kleinshire, Saint Helena.', 106, 515, '2024-07-31', ST_SetSRID(ST_MakePoint(41.885535, -23.218533), 4326)),
(31, 5, 'Terrystad, Gabon', 'Saw a vampire near Terrystad, Gabon.', 82, 750, '2024-03-12', ST_SetSRID(ST_MakePoint(-3.465213, 51.96252), 4326)),
(45, 1, 'West Benjamin, Kazakhstan', 'Saw a ghost near West Benjamin, Kazakhstan.', 62, 218, '2024-03-29', ST_SetSRID(ST_MakePoint(128.675328, 40.459601), 4326)),
(32, 4, 'Cameronbury, Greenland', 'Saw a alien near Cameronbury, Greenland.', 115, 587, '2023-10-18', ST_SetSRID(ST_MakePoint(-98.565194, 33.104908), 4326)),
(10, 2, 'Johnsonmouth, Cape Verde', 'Saw a bigfoot near Johnsonmouth, Cape Verde.', 69, 703, '2023-09-11', ST_SetSRID(ST_MakePoint(52.72014, -32.491084), 4326)),
(30, 1, 'Wileyville, Christmas Island', 'Saw a ghost near Wileyville, Christmas Island.', 112, 804, '2024-08-03', ST_SetSRID(ST_MakePoint(-71.560189, -6.739013), 4326)),
(40, 2, 'East Deborahburgh, Algeria', 'Saw a bigfoot near East Deborahburgh, Algeria.', 104, 704, '2024-09-11', ST_SetSRID(ST_MakePoint(147.149171, -14.42337), 4326)),
(34, 5, 'Leonardburgh, French Guiana', 'Saw a vampire near Leonardburgh, French Guiana.', 92, 589, '2024-02-24', ST_SetSRID(ST_MakePoint(72.311149, 28.192424), 4326)),
(22, 4, 'Collinsside, Argentina', 'Saw a alien near Collinsside, Argentina.', 108, 724, '2023-08-23', ST_SetSRID(ST_MakePoint(-92.483372, -5.265783), 4326)),
(9, 4, 'Mooreville, Panama', 'Saw a alien near Mooreville, Panama.', 97, 502, '2023-07-21', ST_SetSRID(ST_MakePoint(-57.204185, -3.619494), 4326)),
(46, 1, 'Briggsport, Saint Martin', 'Saw a ghost near Briggsport, Saint Martin.', 116, 902, '2024-12-31', ST_SetSRID(ST_MakePoint(27.061613, 61.68146), 4326)),
(37, 5, 'Kevinton, Myanmar', 'Saw a vampire near Kevinton, Myanmar.', 59, 648, '2025-01-17', ST_SetSRID(ST_MakePoint(-73.590907, 2.558233), 4326)),
(36, 4, 'Martinmouth, Bangladesh', 'Saw a alien near Martinmouth, Bangladesh.', 96, 699, '2023-06-07', ST_SetSRID(ST_MakePoint(-68.891648, 1.138395), 4326)),
(34, 3, 'Jeffreymouth, Norfolk Island', 'Saw a dragon near Jeffreymouth, Norfolk Island.', 73, 562, '2023-12-18', ST_SetSRID(ST_MakePoint(39.150416, 67.938388), 4326)),
(28, 1, 'South Nancy, Jamaica', 'Saw a ghost near South Nancy, Jamaica.', 68, 539, '2023-05-23', ST_SetSRID(ST_MakePoint(-80.842025, 44.273584), 4326)),
(31, 4, 'Port Sarastad, Albania', 'Saw a alien near Port Sarastad, Albania.', 110, 592, '2023-12-06', ST_SetSRID(ST_MakePoint(-46.625909, 47.477569), 4326)),
(35, 3, 'Brianton, Niger', 'Saw a dragon near Brianton, Niger.', 115, 89, '2023-05-25', ST_SetSRID(ST_MakePoint(131.417762, -18.622525), 4326)),
(18, 3, 'Port Brittney, Chile', 'Saw a dragon near Port Brittney, Chile.', 119, 600, '2024-04-20', ST_SetSRID(ST_MakePoint(-111.195905, -44.043441), 4326)),
(33, 1, 'New Donaldside, Burkina Faso', 'Saw a ghost near New Donaldside, Burkina Faso.', 38, 833, '2024-12-29', ST_SetSRID(ST_MakePoint(1.403662, 54.015564), 4326)),
(31, 1, 'North Jennaville, Cook Islands', 'Saw a ghost near North Jennaville, Cook Islands.', 54, 736, '2025-01-18', ST_SetSRID(ST_MakePoint(123.871428, -34.67131), 4326)),
(8, 3, 'South Ryanville, Lebanon', 'Saw a dragon near South Ryanville, Lebanon.', 54, 442, '2024-10-30', ST_SetSRID(ST_MakePoint(-41.92684, -2.712949), 4326)),
(32, 4, 'Benitezburgh, Mauritania', 'Saw a alien near Benitezburgh, Mauritania.', 77, 788, '2023-07-10', ST_SetSRID(ST_MakePoint(-46.876673, 3.916113), 4326)),
(23, 3, 'Port Nathan, Thailand', 'Saw a dragon near Port Nathan, Thailand.', 115, 225, '2024-03-14', ST_SetSRID(ST_MakePoint(82.47433, 52.286793), 4326)),
(21, 5, 'North Courtney, Antigua and Barbuda', 'Saw a vampire near North Courtney, Antigua and Barbuda.', 88, 196, '2024-11-09', ST_SetSRID(ST_MakePoint(94.403077, 28.290833), 4326)),
(20, 4, 'North Jessica, Honduras', 'Saw a alien near North Jessica, Honduras.', 61, 75, '2025-03-18', ST_SetSRID(ST_MakePoint(42.810449, 26.280877), 4326)),
(20, 1, 'Allisonmouth, Moldova', 'Saw a ghost near Allisonmouth, Moldova.', 120, 59, '2024-10-15', ST_SetSRID(ST_MakePoint(-58.040274, 0.435909), 4326)),
(4, 5, 'Stoutbury, Monaco', 'Saw a vampire near Stoutbury, Monaco.', 66, 577, '2024-10-11', ST_SetSRID(ST_MakePoint(110.027692, -19.594474), 4326)),
(6, 5, 'East Cassidystad, Saint Pierre and Miquelon', 'Saw a vampire near East Cassidystad, Saint Pierre and Miquelon.', 110, 904, '2023-11-28', ST_SetSRID(ST_MakePoint(125.781067, -25.951358), 4326)),
(5, 5, 'Williamtown, Algeria', 'Saw a vampire near Williamtown, Algeria.', 78, 947, '2023-04-22', ST_SetSRID(ST_MakePoint(116.12891, -34.458199), 4326)),
(10, 3, 'West Joy, Puerto Rico', 'Saw a dragon near West Joy, Puerto Rico.', 116, 644, '2023-10-01', ST_SetSRID(ST_MakePoint(-56.738325, 44.176141), 4326)),
(35, 3, 'East Darrell, Liechtenstein', 'Saw a dragon near East Darrell, Liechtenstein.', 90, 814, '2024-11-12', ST_SetSRID(ST_MakePoint(-79.695382, -5.080358), 4326)),
(8, 5, 'Estradaview, Eritrea', 'Saw a vampire near Estradaview, Eritrea.', 36, 502, '2025-01-15', ST_SetSRID(ST_MakePoint(36.199014, 13.086366), 4326)),
(32, 3, 'Port Billy, United States Virgin Islands', 'Saw a dragon near Port Billy, United States Virgin Islands.', 103, 454, '2024-09-12', ST_SetSRID(ST_MakePoint(126.153954, -18.029276), 4326)),
(12, 4, 'Lisamouth, Cook Islands', 'Saw a alien near Lisamouth, Cook Islands.', 118, 890, '2024-08-25', ST_SetSRID(ST_MakePoint(41.854044, -27.919584), 4326));