-- USERS
-- USERS
INSERT INTO profile.security (user_id, username, email, password_hash, failed_attempts, last_login) VALUES
(1, 'SasquatchSeeker', 'user1@example.com', '$2b$12$GYC7euOIbZoA7paLvmM6fOHE9o0BgIN0lABH2et2ieX0UyjlRbZLm', 0, CURRENT_TIMESTAMP),
(2, 'MothmanWatcher', 'tammy59@gmail.com', '$2b$12$HtEBTqy.HvbAbU7w6gdvWu.Gp.vGbQs1V5SkcZjD5jq.PeknJE0Su', 3, CURRENT_TIMESTAMP),
(3, 'RoswellRanger', 'donald19@archer-patel.org', '$2b$12$.JQIQ.dil.kW2GSI5tbAguTINOTLozaOrWxeggazVDv7aYJVlxZWG', 0, CURRENT_TIMESTAMP),
(4, 'GhostWhisperer', 'corey15@castro-gomez.com', '$2b$12$x0mcmMz4FsvhRUB5yCHTmumkN2.lKrYTwCsut5R1EgRW6PVzmuy2O', 2, CURRENT_TIMESTAMP),
(5, 'DragonSlayer42', 'hramos@brown-sellers.com', '$2b$12$qf.wk1TwgYz8ZU/kQYNy7uAB68YHhOKCsxCxaokrXba6iFGxn5t1.', 3, CURRENT_TIMESTAMP),
(6, 'VanHelsing', 'ypage@garrett.com', '$2b$12$SkwBPjwj2ckkW8EEQ0Wgee6omjLfQcoAZApyjJrSDlCSWPARStWj2', 3, CURRENT_TIMESTAMP),
(7, 'NessieHunter', 'jane13@walker.net', '$2b$12$ilF2SmiKNnidT1KK/mUn3.rAnhAiMlsoL.6G48BgdUt3AQOUuluTG', 2, CURRENT_TIMESTAMP),
(8, 'YetiTracker', 'millerluke@hotmail.com', '$2b$12$nTvPHRN6/7GgTLfOaD2H5uSJgBD1NECSp9KGONcRMMfHbhZioJVFa', 3, CURRENT_TIMESTAMP),
(9, 'ChupacabraChaser', 'turnerkelly@gmail.com', '$2b$12$ChAvJJjnKwvAO830AIypxewYus.juZVbQqgBqtpyTXJS3QAT556ru', 2, CURRENT_TIMESTAMP),
(10, 'AreaFiftyWon', 'tamaramorrison@hotmail.com', '$2b$12$PcH2HOj/FLh4xsIITcSnuO8eaeT7VRs8dScU.6Lzla9eCafEuGBDm', 1, CURRENT_TIMESTAMP),
(11, 'VladTheImpaler', 'zdavis@yahoo.com', '$2b$12$bKwvPlBP7tXL5jg8IfwtlOmG/9SmrtfZmmIYEp1KqqFJJLowhaOa2', 1, CURRENT_TIMESTAMP),
(12, 'JerseyDevil', 'kellylopez@gmail.com', '$2b$12$rTorNOoqbjaLlyyjt4UEFuy7/u7NN419vZOIAT.lRNJEZu2xoNpk.', 2, CURRENT_TIMESTAMP),
(13, 'StrangerThings11', 'thomas12@mclean.net', '$2b$12$s5vxQ0a5dbHim9mQmgHfS.xCDhVqFeUivMoIg0NaL41Dk2VvySeQe', 1, CURRENT_TIMESTAMP),
(14, 'WalkingDead', 'aimee33@hotmail.com', '$2b$12$vtO/0JENQ5RqRhNiNYuFTOnunvr4J4gCJxzV5nRG.Yu/bDiEwMdPm', 0, CURRENT_TIMESTAMP),
(15, 'BuddyTheElf', 'shannon51@yahoo.com', '$2b$12$sgqYirOUvc5qBoQVa7VctOAtEQOeRmE5tVngWGxiWkQYI8mSp2n5i', 2, CURRENT_TIMESTAMP),
(16, 'PacificRimRanger', 'vmatthews@sanchez.com', '$2b$12$tAQtKJlp.XmDlpH2XerHROZhA0nFVKqaCmVw8B5reD5ENCrS1yGzi', 1, CURRENT_TIMESTAMP),
(17, 'BigfootBelievers', 'nathanjackson@cabrera-garcia.com', '$2b$12$xKCrNmKbrjAqIRigtmA5i.F/WP8MuLpdpk7J2ZtzMGxb6XZlCoqKq', 2, CURRENT_TIMESTAMP),
(18, 'GhostbustersFan', 'montoyacynthia@guzman.com', '$2b$12$2kGF5EPYWI0aA0v/hTNsIeXfn81o6qvfGOYZS1F6tSDErAwHaNTLS', 0, CURRENT_TIMESTAMP),
(19, 'WinchesterHunter', 'hdavis@jacobs.com', '$2b$12$.XHM8i04QlBqTAyzQ5ASeeFoQq6dB5moYBPtcJfJ3w8xtLdQIGErW', 0, CURRENT_TIMESTAMP),
(20, 'XFilesObsessed', 'zclark@giles.net', '$2b$12$J47K4HAsSDQyJb6OAuASteaFQOkkeV9YGI6jvlh6QX9KIuCAQowRC', 2, CURRENT_TIMESTAMP),
(21, 'BendyDragonWing', 'huffchad@gmail.com', '$2b$12$xUg0WTaHsboGtqm6Qk8UFeoQ.lGOPikF64MeJuHQ8MSFxylq.bkjG', 3, CURRENT_TIMESTAMP),
(22, 'AlienProber', 'ryan08@yahoo.com', '$2b$12$tUQ0dlLoMVR1t4llyL4qJuIDN.mDiy/8PLPKlqrqAXko6tSgDjf6O', 0, CURRENT_TIMESTAMP),
(23, 'SpookySkellington', 'lyonspeter@howard-dennis.org', '$2b$12$CG3bSoytwehI/kIwK3l7o.nGQxZmoDo2AlqdoWfbv0Lb5CnYlG8k2', 2, CURRENT_TIMESTAMP),
(24, 'TwilightFanatic', 'tammybrown@moore.com', '$2b$12$yRqrS4QTEereFuniJ88IN.x8wiquS1pP8st2furVyfzRTs6ZeSmvi', 3, CURRENT_TIMESTAMP),
(25, 'CryptidCollector', 'alexandermaldonado@hotmail.com', '$2b$12$JeSLCCJAdg6NSNTOrQt1BerDnKfcmlj8pNx1SBhYvLZfgFmsqGPRa', 2, CURRENT_TIMESTAMP),
(26, 'Mandolorian', 'paul42@hotmail.com', '$2b$12$VtPCTWR9OSzuSZEGXdiPVubmpIeyggBuR0tapJii0Q8iY5jz4R4BO', 1, CURRENT_TIMESTAMP),
(27, 'VampireBlood', 'vharmon@williams.info', '$2b$12$WjJDPjQ6Lg.zMWZ8m4jYH.DCwj2BZzHpL2TtatXJTE4DXy/7kzy/6', 3, CURRENT_TIMESTAMP),
(28, 'PoltergeistPal', 'emily99@gmail.com', '$2b$12$Vi5htIA07NJfsRPVVXMezO7Fuahhk1aDQMBJ3dSmbvzea2GASEo36', 3, CURRENT_TIMESTAMP),
(29, 'BabyYoda', 'pgoodman@gmail.com', '$2b$12$m4OU/sFEgrah9IDKJhGkRuq.OCn9Fp3cP9AuzE9NHTAdg77bhUTnG', 2, CURRENT_TIMESTAMP),
(30, 'DraculasRevenge', 'hollymoore@walsh.org', '$2b$12$VRbo5KrSdDFX6SCLTph9Ve8T3FRe7Twm8W3L3nZZaoJAb9VRoO1.W', 0, CURRENT_TIMESTAMP),
(31, 'KrakenSeeker', 'moralesjacqueline@yahoo.com', '$2b$12$Gfm6hC/Pxsw.BadMljUdRObI43670DayUmZ23tt5ukXZCgdo/nUGW', 0, CURRENT_TIMESTAMP),
(32, 'PhoenixRising', 'seangreen@griffin.net', '$2b$12$vDQE3pEkFxi7EMsvon1i4ugQ3oQwJMJ4qk1d1XoBNsqEOplNFRPIu', 0, CURRENT_TIMESTAMP),
(33, 'WerewolfWhisperer', 'simpsonlarry@williams-carson.biz', '$2b$12$.ka6pnNi36EyAZQaSwimteVWN9Oa6dsyPWsHSoq1ljTPnMuWF/5v.', 3, CURRENT_TIMESTAMP),
(34, 'FlatEarthBeliefer', 'monroedavid@morales.biz', '$2b$12$dGz1RHV7t4uj7Fo4Qpq7F.E9TUdZk7sBAO9hAIDYO7S.9T.vN0IOq', 0, CURRENT_TIMESTAMP),
(35, 'JackSkellington', 'lewisjennifer@gmail.com', '$2b$12$ZFQ2VrCnvl7pE0gh1SKmWe5jRZR3rKBAmp45P.WAmNM59IsTyTH5W', 3, CURRENT_TIMESTAMP),
(36, 'FrodoTheSavior', 'davidbanks@ramirez-good.com', '$2b$12$rfRVNbMxLDQrdXKnW49CbO9k5zdtckFhB/aTwi4Jao.Q0tjAm3cPa', 2, CURRENT_TIMESTAMP),
(37, 'StrangerDanger', 'bburton@yahoo.com', '$2b$12$Yiigm2iwt.lkOYYlkrE0Jug7rVXJkCunt6ynbeg4BhjpVOTuFXoES', 1, CURRENT_TIMESTAMP),
(38, 'GodzillaFan', 'callahandennis@hotmail.com', '$2b$12$clLmoqsHUpDl3t1vJApMPe2h0MuuBvaKfQ0y219cbj873TiYeaQKS', 2, CURRENT_TIMESTAMP),
(39, 'LochNessMonster', 'wigginsjoshua@gmail.com', '$2b$12$zGa3v1zyj7cRmsE.WsQNpuQ7uMW5RvtHRUqv1GJ041pEmUvf9fvCC', 0, CURRENT_TIMESTAMP),
(40, 'AbominableSnowman', 'harrisjordan@potts-mays.com', '$2b$12$w4nMh.64B9Ali0HPn7t4Pen8ciauzGDxX/Xd3Ow6E6FMgQAE5Tocu', 1, CURRENT_TIMESTAMP),
(41, 'UFOAbductee', 'xbowman@hotmail.com', '$2b$12$gJzn3VxIu.nJlGDyu5Zb4OqbVQY7dhbx3Loje4Vz4811TV0C5vku.', 1, CURRENT_TIMESTAMP),
(42, 'SlayerOfVampires', 'nicholascarter@hernandez.com', '$2b$12$mBd6I4HxRH1XShFrvWSH7ekKRsX4PWCx2AeUDvE.5xdzm0hmtV3f6', 1, CURRENT_TIMESTAMP),
(43, 'DementorHunter', 'morganchristine@gmail.com', '$2b$12$v5BFpNrXGhg0SbncISO8iOffmP9hNIBqrHVV43Pm.uSnh6tVLJzd.', 1, CURRENT_TIMESTAMP),
(44, 'ThunderDragon', 'edwardsilva@yahoo.com', '$2b$12$EyB9GbYshndrOSv7HfTuZuVr3H1d6EdV.HeguXymYb3AMAHE1cdRy', 3, CURRENT_TIMESTAMP),
(45, 'HauntedHouseGuide', 'kellywoods@gmail.com', '$2b$12$FDm.aTmcdI8TXIBJRUhof.rt4qgsU3Surh7CyNftHO/WmglTZ2IzW', 0, CURRENT_TIMESTAMP),
(46, 'DarkShadow', 'hayden81@powell-murphy.biz', '$2b$12$VA4KoN0uqGo/KLxbnzXBW.2yjuvYOzDhkQppKakhCWGUqmATQgfIa', 0, CURRENT_TIMESTAMP),
(47, 'MidnightVampire', 'hoffmantimothy@randall-cherry.com', '$2b$12$poXCiPi1HJENZ6zxA6VnYes5qPlEdp8NvZJVUEJiqf5bWzxrMfWmS', 2, CURRENT_TIMESTAMP),
(48, 'ElderScrolls', 'fwilson@johnson-rogers.com', '$2b$12$0mcilxOdaN.38O5MJlF98.NAZarzZU.V2/Wj6TYLNTjazmNFmgMji', 3, CURRENT_TIMESTAMP),
(49, 'CthulhuCultist', 'odrake@jones.com', '$2b$12$OnkRB22..9o5KKfjxFHv/.79YRT2s0llQXjs4yBr69U0iKgK/BGTe', 0, CURRENT_TIMESTAMP),
(50, 'SilentHillNurse', 'cruzcorey@stone.org', '$2b$12$zi4xgC/5k8OLEXeQPcXbyOHYp59Da8PMjbA0dYkVvnHcNP60DTSgO', 2, CURRENT_TIMESTAMP);

-- CREATURES
INSERT INTO agg.creatures (creature_id, creature_name) VALUES
(1, 'Ghost'),
(2, 'Bigfoot'),
(3, 'Dragon'),
(4, 'Alien'),
(5, 'Vampire');

-- LOCATIONS
INSERT INTO info.locations (location_id, location_name, latitude, longitude) VALUES
(1, 'South Christopher, Iowa', 38.230414, -83.019438),
(2, 'Brendaburgh, Nevada', 38.138582, -76.760922),
(3, 'West Danny, Vermont', 37.966807, -68.097364),
(4, 'New Shannonborough, Delaware', 39.476455, -89.91821),
(5, 'Sandersborough, Tennessee', 35.679737, -89.415362),
(6, 'Port Jasonberg, Connecticut', 34.237628, -90.612241),
(7, 'South Nicholas, Ohio', 31.967908, -113.015303),
(8, 'North Vanessa, New York', 29.481509, -88.459156),
(9, 'New Richard, Utah', 40.759825, -96.361202),
(10, 'Richfort, Utah', 27.155785, -80.058973),
(11, 'Marthafort, South Dakota', 46.042489, -70.443901);

-- SIGHTINGS
INSERT INTO info.sightings_preview (
    user_id, creature_id, location_name, description_short,
    height_inch, weight_lb, sighting_date, geom
) VALUES
(28, 1, 'Cape Town, South Africa', 'Saw a ghost near Cape Town, South Africa.', 83, 275, '2024-10-27', ST_SetSRID(ST_MakePoint(18.4241, -33.9249), 4326)),
(17, 5, 'Edinburgh, Scotland', 'Saw a vampire near Edinburgh, Scotland.', 57, 491, '2024-09-30', ST_SetSRID(ST_MakePoint(-3.1883, 55.9533), 4326)),
(13, 3, 'Auckland, New Zealand', 'Saw a dragon near Auckland, New Zealand.', 50, 115, '2023-10-07', ST_SetSRID(ST_MakePoint(174.7633, -36.8485), 4326)),
(45, 1, 'Brisbane, Australia', 'Saw a ghost near Brisbane, Australia.', 103, 512, '2024-03-15', ST_SetSRID(ST_MakePoint(153.0251, -27.4698), 4326)),
(49, 2, 'Tokyo, Japan', 'Saw a bigfoot near Tokyo, Japan.', 51, 559, '2023-06-25', ST_SetSRID(ST_MakePoint(139.6917, 35.6895), 4326)),
(26, 3, 'Anchorage, Alaska, USA', 'Saw a dragon near Anchorage, Alaska, USA.', 62, 706, '2024-02-02', ST_SetSRID(ST_MakePoint(-149.9003, 61.2181), 4326)),
(3, 2, 'Kathmandu, Nepal', 'Saw a bigfoot near Kathmandu, Nepal.', 115, 199, '2023-10-09', ST_SetSRID(ST_MakePoint(85.324, 27.7172), 4326)),
(7, 2, 'Reykjavik, Iceland', 'Saw a bigfoot near Reykjavik, Iceland.', 94, 437, '2023-11-10', ST_SetSRID(ST_MakePoint(-21.8954, 64.1355), 4326)),
(24, 5, 'Berlin, Germany', 'Saw a vampire near Berlin, Germany.', 55, 157, '2024-07-19', ST_SetSRID(ST_MakePoint(13.405, 52.52), 4326)),
(39, 4, 'Chiang Mai, Thailand', 'Saw a alien near Chiang Mai, Thailand.', 54, 627, '2024-12-15', ST_SetSRID(ST_MakePoint(98.9853, 18.7883), 4326)),
(26, 4, 'Kigali, Rwanda', 'Saw a alien near Kigali, Rwanda.', 102, 557, '2023-08-29', ST_SetSRID(ST_MakePoint(30.1127, -1.9579), 4326)),
(44, 3, 'Vancouver, Canada', 'Saw a dragon near Vancouver, Canada.', 99, 560, '2024-03-21', ST_SetSRID(ST_MakePoint(-123.1207, 49.2827), 4326)),
(41, 2, 'La Paz, Bolivia', 'Saw a bigfoot near La Paz, Bolivia.', 105, 674, '2023-09-18', ST_SetSRID(ST_MakePoint(-68.15, -16.5), 4326)),
(15, 1, 'Quito, Ecuador', 'Saw a ghost near Quito, Ecuador.', 79, 772, '2024-01-25', ST_SetSRID(ST_MakePoint(-78.4678, -0.1807), 4326)),
(48, 3, 'Seoul, South Korea', 'Saw a dragon near Seoul, South Korea.', 77, 86, '2023-07-20', ST_SetSRID(ST_MakePoint(126.978, 37.5665), 4326)),
(34, 2, 'Santiago, Chile', 'Saw a bigfoot near Santiago, Chile.', 68, 667, '2023-06-10', ST_SetSRID(ST_MakePoint(-70.6693, -33.4489), 4326)),
(10, 4, 'Nairobi, Kenya', 'Saw a alien near Nairobi, Kenya.', 110, 351, '2025-01-19', ST_SetSRID(ST_MakePoint(36.8219, -1.2921), 4326)),
(46, 4, 'São Paulo, Brazil', 'Saw a alien near São Paulo, Brazil.', 44, 869, '2025-02-20', ST_SetSRID(ST_MakePoint(-46.6333, -23.5505), 4326)),
(6, 5, 'Dublin, Ireland', 'Saw a vampire near Dublin, Ireland.', 41, 117, '2025-02-12', ST_SetSRID(ST_MakePoint(-6.2603, 53.3498), 4326)),
(15, 2, 'Toronto, Ontario, Canada', 'Saw a bigfoot near Toronto, Ontario, Canada.', 41, 357, '2024-10-18', ST_SetSRID(ST_MakePoint(-79.347015, 43.65107), 4326)),
(1, 4, 'Austin, Texas, USA', 'Saw a alien near Austin, Texas, USA.', 78, 932, '2023-05-13', ST_SetSRID(ST_MakePoint(-97.7431, 30.2672), 4326)),
(11, 2, 'Melbourne, Australia', 'Saw a bigfoot near Melbourne, Australia.', 119, 521, '2025-03-23', ST_SetSRID(ST_MakePoint(144.9631, -37.8136), 4326)),
(24, 5, 'Boulder, Colorado, USA', 'Saw a vampire near Boulder, Colorado, USA.', 84, 972, '2024-06-03', ST_SetSRID(ST_MakePoint(-105.2705, 40.015), 4326)),
(34, 5, 'Panama City, Panama', 'Saw a vampire near Panama City, Panama.', 40, 637, '2024-04-06', ST_SetSRID(ST_MakePoint(-79.5199, 8.9824), 4326)),
(6, 5, 'Lima, Peru', 'Saw a vampire near Lima, Peru.', 112, 128, '2024-11-26', ST_SetSRID(ST_MakePoint(-77.0428, -12.0464), 4326)),
(48, 4, 'Accra, Ghana', 'Saw a alien near Accra, Ghana.', 62, 346, '2024-09-28', ST_SetSRID(ST_MakePoint(-0.187, 5.6037), 4326)),
(35, 5, 'Sydney, Australia', 'Saw a vampire near Sydney, Australia.', 89, 895, '2023-09-25', ST_SetSRID(ST_MakePoint(151.2093, -33.8688), 4326)),
(31, 4, 'Tashkent, Uzbekistan', 'Saw a alien near Tashkent, Uzbekistan.', 113, 650, '2023-07-23', ST_SetSRID(ST_MakePoint(69.2401, 41.2995), 4326)),
(15, 1, 'Taipei, Taiwan', 'Saw a ghost near Taipei, Taiwan.', 120, 956, '2024-05-12', ST_SetSRID(ST_MakePoint(121.5654, 25.033), 4326)),
(1, 2, 'Ulaanbaatar, Mongolia', 'Saw a bigfoot near Ulaanbaatar, Mongolia.', 74, 569, '2024-02-25', ST_SetSRID(ST_MakePoint(106.9057, 47.8864), 4326)),
(37, 3, 'Bogotá, Colombia', 'Saw a dragon near Bogotá, Colombia.', 78, 117, '2023-11-07', ST_SetSRID(ST_MakePoint(-74.0721, 4.711), 4326)),
(32, 3, 'Mexico City, Mexico', 'Saw a dragon near Mexico City, Mexico.', 74, 841, '2023-09-29', ST_SetSRID(ST_MakePoint(-99.1332, 19.4326), 4326)),
(27, 4, 'Montreal, Canada', 'Saw a alien near Montreal, Canada.', 85, 113, '2024-08-31', ST_SetSRID(ST_MakePoint(-73.5673, 45.5017), 4326)),
(11, 2, 'Seattle, Washington, USA', 'Saw a bigfoot near Seattle, Washington, USA.', 66, 343, '2023-05-24', ST_SetSRID(ST_MakePoint(-122.3321, 47.6062), 4326)),
(47, 3, 'Rome, Italy', 'Saw a dragon near Rome, Italy.', 43, 86, '2024-12-31', ST_SetSRID(ST_MakePoint(12.4964, 41.9028), 4326)),
(31, 4, 'Delhi, India', 'Saw a alien near Delhi, India.', 54, 553, '2023-10-06', ST_SetSRID(ST_MakePoint(77.209, 28.6139), 4326)),
(39, 1, 'Medellin, Colombia', 'Saw a ghost near Medellin, Colombia.', 55, 879, '2024-08-18', ST_SetSRID(ST_MakePoint(-75.5812, 6.2442), 4326)),
(23, 4, 'Oslo, Norway', 'Saw a alien near Oslo, Norway.', 40, 676, '2023-08-13', ST_SetSRID(ST_MakePoint(10.7522, 59.9139), 4326)),
(30, 4, 'Denver, Colorado, USA', 'Saw a alien near Denver, Colorado, USA.', 94, 98, '2023-07-12', ST_SetSRID(ST_MakePoint(-104.9903, 39.7392), 4326)),
(7, 4, 'Chicago, Illinois, USA', 'Saw a alien near Chicago, Illinois, USA.', 55, 70, '2023-09-22', ST_SetSRID(ST_MakePoint(-87.6298, 41.8781), 4326)),
(3, 5, 'Madrid, Spain', 'Saw a vampire near Madrid, Spain.', 115, 185, '2024-04-12', ST_SetSRID(ST_MakePoint(-3.7038, 40.4168), 4326)),
(41, 3, 'San Juan, Puerto Rico', 'Saw a dragon near San Juan, Puerto Rico.', 49, 766, '2024-02-09', ST_SetSRID(ST_MakePoint(-66.1057, 18.4655), 4326)),
(36, 3, 'Buenos Aires, Argentina', 'Saw a dragon near Buenos Aires, Argentina.', 60, 442, '2024-01-27', ST_SetSRID(ST_MakePoint(-58.3816, -34.6037), 4326)),
(25, 2, 'East Sueburgh, Tanzania', 'Saw a bigfoot near East Sueburgh, Tanzania.', 76, 969, '2024-06-27', ST_SetSRID(ST_MakePoint(142.708902, -16.911703), 4326)),
(45, 4, 'Millerhaven, France', 'Saw a alien near Millerhaven, France.', 50, 474, '2024-10-07', ST_SetSRID(ST_MakePoint(-67.704073, -47.669264), 4326)),
(46, 3, 'Barnesmouth, Thailand', 'Saw a dragon near Barnesmouth, Thailand.', 83, 200, '2024-09-26', ST_SetSRID(ST_MakePoint(125.307524, -19.30753), 4326)),
(47, 3, 'Brownville, Uganda', 'Saw a dragon near Brownville, Uganda.', 117, 338, '2023-06-06', ST_SetSRID(ST_MakePoint(121.455839, -26.51242), 4326)),
(39, 1, 'Tonyaview, New Zealand', 'Saw a ghost near Tonyaview, New Zealand.', 65, 972, '2024-11-01', ST_SetSRID(ST_MakePoint(9.806816, 49.4413), 4326)),
(19, 2, 'Parkerchester, Timor-Leste', 'Saw a bigfoot near Parkerchester, Timor-Leste.', 71, 98, '2025-04-02', ST_SetSRID(ST_MakePoint(150.0686, -23.802969), 4326)),
(43, 1, 'Brooksland, Saint Kitts and Nevis', 'Saw a ghost near Brooksland, Saint Kitts and Nevis.', 93, 702, '2023-06-23', ST_SetSRID(ST_MakePoint(-96.656472, -25.126145), 4326)),
(14, 2, 'New Veronicashire, Malawi', 'Saw a bigfoot near New Veronicashire, Malawi.', 78, 143, '2024-01-04', ST_SetSRID(ST_MakePoint(-35.926585, -20.813543), 4326)),
(27, 3, 'New Jimmyton, Solomon Islands', 'Saw a dragon near New Jimmyton, Solomon Islands.', 110, 606, '2023-07-05', ST_SetSRID(ST_MakePoint(-83.178455, -22.169463), 4326)),
(26, 3, 'Christophershire, Trinidad and Tobago', 'Saw a dragon near Christophershire, Trinidad and Tobago.', 46, 914, '2024-02-20', ST_SetSRID(ST_MakePoint(-4.129801, 38.183618), 4326)),
(34, 2, 'Port Patricia, Western Sahara', 'Saw a bigfoot near Port Patricia, Western Sahara.', 96, 474, '2025-04-11', ST_SetSRID(ST_MakePoint(137.220415, 36.637905), 4326)),
(49, 3, 'West Kenneth, United States of America', 'Saw a dragon near West Kenneth, United States of America.', 58, 315, '2023-09-11', ST_SetSRID(ST_MakePoint(35.907657, 48.086464), 4326)),
(26, 3, 'East David, Denmark', 'Saw a dragon near East David, Denmark.', 95, 798, '2023-11-08', ST_SetSRID(ST_MakePoint(28.973112, 38.442997), 4326)),
(36, 2, 'Kramerberg, Saint Pierre and Miquelon', 'Saw a bigfoot near Kramerberg, Saint Pierre and Miquelon.', 57, 518, '2024-08-12', ST_SetSRID(ST_MakePoint(-37.041342, 28.846264), 4326)),
(3, 2, 'Jamesberg, Ukraine', 'Saw a bigfoot near Jamesberg, Ukraine.', 36, 762, '2025-02-05', ST_SetSRID(ST_MakePoint(27.824097, 55.368975), 4326)),
(37, 3, 'Dicksonburgh, Congo', 'Saw a dragon near Dicksonburgh, Congo.', 116, 962, '2025-02-26', ST_SetSRID(ST_MakePoint(139.758026, -23.892566), 4326)),
(38, 3, 'West Amandafort, Philippines', 'Saw a dragon near West Amandafort, Philippines.', 56, 76, '2023-07-29', ST_SetSRID(ST_MakePoint(153.149281, -30.527229), 4326)),
(28, 4, 'Christopherview, Somalia', 'Saw a alien near Christopherview, Somalia.', 46, 86, '2024-07-30', ST_SetSRID(ST_MakePoint(49.993999, -3.954581), 4326)),
(18, 2, 'North Patricia, Swaziland', 'Saw a bigfoot near North Patricia, Swaziland.', 111, 539, '2023-09-29', ST_SetSRID(ST_MakePoint(35.289438, 12.072703), 4326)),
(23, 4, 'South Davidfort, Martinique', 'Saw a alien near South Davidfort, Martinique.', 105, 367, '2023-05-23', ST_SetSRID(ST_MakePoint(50.398866, -28.97173), 4326)),
(20, 1, 'Stefanieburgh, Korea', 'Saw a ghost near Stefanieburgh, Korea.', 50, 158, '2023-12-23', ST_SetSRID(ST_MakePoint(30.966391, -1.882283), 4326)),
(29, 1, 'Hallview, Peru', 'Saw a ghost near Hallview, Peru.', 111, 526, '2024-10-22', ST_SetSRID(ST_MakePoint(-61.231562, 57.97316), 4326)),
(10, 4, 'North Michael, Faroe Islands', 'Saw a alien near North Michael, Faroe Islands.', 107, 749, '2024-01-20', ST_SetSRID(ST_MakePoint(-52.937911, -9.546985), 4326)),
(11, 2, 'Jefferyside, India', 'Saw a bigfoot near Jefferyside, India.', 97, 451, '2023-06-11', ST_SetSRID(ST_MakePoint(140.974779, -30.83302), 4326)),
(7, 2, 'South Daniel, Namibia', 'Saw a bigfoot near South Daniel, Namibia.', 78, 845, '2025-03-27', ST_SetSRID(ST_MakePoint(-2.032685, 38.389133), 4326)),
(20, 3, 'New Melissamouth, Cambodia', 'Saw a dragon near New Melissamouth, Cambodia.', 58, 649, '2024-03-15', ST_SetSRID(ST_MakePoint(-118.543623, 53.758381), 4326)),
(26, 4, 'Paulaside, Congo', 'Saw a alien near Paulaside, Congo.', 107, 70, '2024-12-03', ST_SetSRID(ST_MakePoint(-33.845243, 8.641641), 4326)),
(37, 1, 'Lake Casey, Kazakhstan', 'Saw a ghost near Lake Casey, Kazakhstan.', 74, 428, '2024-01-01', ST_SetSRID(ST_MakePoint(153.584133, -19.182699), 4326)),
(6, 4, 'Huntstad, Syrian Arab Republic', 'Saw a alien near Huntstad, Syrian Arab Republic.', 64, 346, '2025-02-19', ST_SetSRID(ST_MakePoint(85.973886, 34.849421), 4326)),
(8, 1, 'Fitzgeraldfurt, Mayotte', 'Saw a ghost near Fitzgeraldfurt, Mayotte.', 78, 483, '2023-07-28', ST_SetSRID(ST_MakePoint(48.260631, -33.549161), 4326)),
(7, 3, 'Lake Austin, New Zealand', 'Saw a dragon near Lake Austin, New Zealand.', 95, 892, '2024-03-31', ST_SetSRID(ST_MakePoint(-8.039496, 45.447733), 4326)),
(50, 3, 'Clarkborough, India', 'Saw a dragon near Clarkborough, India.', 69, 478, '2023-06-29', ST_SetSRID(ST_MakePoint(129.281989, -16.62208), 4326)),
(37, 4, 'New Richardhaven, Peru', 'Saw a alien near New Richardhaven, Peru.', 91, 293, '2024-04-18', ST_SetSRID(ST_MakePoint(38.088537, 5.47174), 4326)),
(19, 2, 'North James, Dominican Republic', 'Saw a bigfoot near North James, Dominican Republic.', 48, 626, '2023-07-04', ST_SetSRID(ST_MakePoint(-46.653348, 2.572158), 4326)),
(19, 3, 'Russellside, Croatia', 'Saw a dragon near Russellside, Croatia.', 49, 374, '2024-06-03', ST_SetSRID(ST_MakePoint(37.128101, 39.521905), 4326)),
(37, 3, 'East Travis, Congo', 'Saw a dragon near East Travis, Congo.', 103, 96, '2025-04-09', ST_SetSRID(ST_MakePoint(-30.453867, -54.464356), 4326)),
(8, 2, 'New Davidborough, Mayotte', 'Saw a bigfoot near New Davidborough, Mayotte.', 68, 750, '2024-07-13', ST_SetSRID(ST_MakePoint(131.878671, -19.933875), 4326)),
(12, 1, 'Burkeview, Peru', 'Saw a ghost near Burkeview, Peru.', 42, 51, '2025-01-02', ST_SetSRID(ST_MakePoint(-50.099734, -6.100138), 4326)),
(4, 4, 'Bowmantown, Guernsey', 'Saw a alien near Bowmantown, Guernsey.', 47, 363, '2024-01-15', ST_SetSRID(ST_MakePoint(26.240412, 65.62987), 4326)),
(41, 4, 'Lake Deanna, Congo', 'Saw a alien near Lake Deanna, Congo.', 56, 936, '2024-03-29', ST_SetSRID(ST_MakePoint(25.794394, 52.655212), 4326)),
(45, 5, 'New Evelyn, Sweden', 'Saw a vampire near New Evelyn, Sweden.', 110, 992, '2023-04-27', ST_SetSRID(ST_MakePoint(15.124285, 66.460877), 4326)),
(4, 5, 'East Shawn, Bermuda', 'Saw a vampire near East Shawn, Bermuda.', 115, 683, '2024-08-03', ST_SetSRID(ST_MakePoint(0.071314, 50.889606), 4326)),
(10, 4, 'Maryport, India', 'Saw a alien near Maryport, India.', 114, 902, '2024-01-02', ST_SetSRID(ST_MakePoint(37.248748, 4.813525), 4326)),
(44, 1, 'Natalieland, New Zealand', 'Saw a ghost near Natalieland, New Zealand.', 58, 638, '2023-07-27', ST_SetSRID(ST_MakePoint(136.401487, 32.85272), 4326)),
(40, 4, 'Woodland, Denmark', 'Saw a alien near Woodland, Denmark.', 82, 706, '2025-02-18', ST_SetSRID(ST_MakePoint(21.070209, 46.064116), 4326)),
(14, 4, 'South Sandra, Dominican Republic', 'Saw a alien near South Sandra, Dominican Republic.', 88, 649, '2025-02-15', ST_SetSRID(ST_MakePoint(97.540794, 29.010239), 4326)),
(47, 4, 'South Justinhaven, Tanzania', 'Saw a alien near South Justinhaven, Tanzania.', 46, 60, '2024-08-25', ST_SetSRID(ST_MakePoint(52.824535, 0.046452), 4326)),
(3, 3, 'Jocelynberg, Brazil', 'Saw a dragon near Jocelynberg, Brazil.', 79, 845, '2024-05-20', ST_SetSRID(ST_MakePoint(-56.198249, 3.690689), 4326)),
(37, 3, 'Lukeland, Guyana', 'Saw a dragon near Lukeland, Guyana.', 109, 938, '2025-03-23', ST_SetSRID(ST_MakePoint(138.524455, -10.416683), 4326)),
(45, 3, 'East Virginia, Maldives', 'Saw a dragon near East Virginia, Maldives.', 59, 959, '2024-10-14', ST_SetSRID(ST_MakePoint(134.457459, 13.208539), 4326)),
(7, 5, 'Curtisfurt, Indonesia', 'Saw a vampire near Curtisfurt, Indonesia.', 60, 84, '2023-05-19', ST_SetSRID(ST_MakePoint(139.971298, -16.401452), 4326)),
(39, 1, 'South Chris, Niue', 'Saw a ghost near South Chris, Niue.', 38, 804, '2024-09-16', ST_SetSRID(ST_MakePoint(113.800511, -24.082129), 4326)),
(9, 5, 'New Jacob, Netherlands Antilles', 'Saw a vampire near New Jacob, Netherlands Antilles.', 113, 980, '2024-05-06', ST_SetSRID(ST_MakePoint(-5.789563, 58.325343), 4326)),
(15, 4, 'Ericberg, Turkey', 'Saw a alien near Ericberg, Turkey.', 108, 143, '2024-07-09', ST_SetSRID(ST_MakePoint(145.425785, -33.08657), 4326)),
(30, 2, 'Bakerborough, Brazil', 'Saw a bigfoot near Bakerborough, Brazil.', 94, 667, '2023-08-22', ST_SetSRID(ST_MakePoint(145.531426, 20.038533), 4326)),
(32, 5, 'South Sabrina, Martinique', 'Saw a vampire near South Sabrina, Martinique.', 43, 971, '2024-03-16', ST_SetSRID(ST_MakePoint(115.092509, -28.750503), 4326)),
(30, 5, 'Port Benjamin, Sao Tome and Principe', 'Saw a vampire near Port Benjamin, Sao Tome and Principe.', 52, 852, '2024-04-21', ST_SetSRID(ST_MakePoint(48.881585, -19.788498), 4326)),
(33, 2, 'Lake Michaelville, Bolivia', 'Saw a bigfoot near Lake Michaelville, Bolivia.', 104, 643, '2024-05-09', ST_SetSRID(ST_MakePoint(47.505731, -32.264487), 4326)),
(34, 1, 'New Brad, Tokelau', 'Saw a ghost near New Brad, Tokelau.', 64, 769, '2024-10-24', ST_SetSRID(ST_MakePoint(115.919485, -34.226117), 4326)),
(25, 3, 'South Lorraineshire, Equatorial Guinea', 'Saw a dragon near South Lorraineshire, Equatorial Guinea.', 62, 123, '2024-10-18', ST_SetSRID(ST_MakePoint(-31.871581, 9.446709), 4326)),
(10, 2, 'Martinville, Philippines', 'Saw a bigfoot near Martinville, Philippines.', 96, 678, '2025-01-19', ST_SetSRID(ST_MakePoint(44.933823, 30.771766), 4326)),
(47, 3, 'South Debra, Nigeria', 'Saw a dragon near South Debra, Nigeria.', 74, 767, '2023-10-27', ST_SetSRID(ST_MakePoint(25.514041, -14.062064), 4326)),
(16, 2, 'East Douglasberg, Tonga', 'Saw a bigfoot near East Douglasberg, Tonga.', 88, 722, '2024-08-28', ST_SetSRID(ST_MakePoint(52.740298, -8.802693), 4326)),
(19, 2, 'Port Kathryn, Swaziland', 'Saw a bigfoot near Port Kathryn, Swaziland.', 57, 909, '2024-07-24', ST_SetSRID(ST_MakePoint(-59.754406, 8.331356), 4326)),
(43, 5, 'North Daniel, Bhutan', 'Saw a vampire near North Daniel, Bhutan.', 40, 347, '2023-11-17', ST_SetSRID(ST_MakePoint(-95.956605, -15.249798), 4326)),
(3, 2, 'Rayview, Morocco', 'Saw a bigfoot near Rayview, Morocco.', 107, 911, '2024-03-13', ST_SetSRID(ST_MakePoint(-3.25285, 63.859714), 4326)),
(15, 5, 'Lake Charlesmouth, Bahamas', 'Saw a vampire near Lake Charlesmouth, Bahamas.', 52, 833, '2024-01-16', ST_SetSRID(ST_MakePoint(36.639636, 47.932087), 4326)),
(40, 2, 'Jonathanchester, Iceland', 'Saw a bigfoot near Jonathanchester, Iceland.', 38, 662, '2025-03-25', ST_SetSRID(ST_MakePoint(14.118241, 63.825409), 4326)),
(13, 5, 'West Deniseborough, Singapore', 'Saw a vampire near West Deniseborough, Singapore.', 84, 266, '2023-06-30', ST_SetSRID(ST_MakePoint(-123.798828, -4.704052), 4326)),
(35, 1, 'East Monique, Croatia', 'Saw a ghost near East Monique, Croatia.', 69, 524, '2024-04-07', ST_SetSRID(ST_MakePoint(34.113887, -34.734836), 4326)),
(4, 4, 'Territown, Serbia', 'Saw a alien near Territown, Serbia.', 53, 945, '2023-11-02', ST_SetSRID(ST_MakePoint(-98.520849, 48.464136), 4326)),
(40, 3, 'Laneside, Bulgaria', 'Saw a dragon near Laneside, Bulgaria.', 94, 385, '2024-10-25', ST_SetSRID(ST_MakePoint(-45.356571, -7.283438), 4326)),
(43, 1, 'Jenniferside, Iceland', 'Saw a ghost near Jenniferside, Iceland.', 46, 473, '2025-04-08', ST_SetSRID(ST_MakePoint(-70.115135, -8.787089), 4326)),
(22, 4, 'West Cody, Pakistan', 'Saw a alien near West Cody, Pakistan.', 107, 451, '2024-08-27', ST_SetSRID(ST_MakePoint(125.184569, -29.817047), 4326)),
(5, 4, 'Joelview, United Kingdom', 'Saw a alien near Joelview, United Kingdom.', 98, 904, '2024-12-13', ST_SetSRID(ST_MakePoint(95.233118, 18.65212), 4326)),
(15, 3, 'Christopherberg, Korea', 'Saw a dragon near Christopherberg, Korea.', 113, 578, '2023-05-12', ST_SetSRID(ST_MakePoint(-129.826166, -0.202215), 4326)),
(26, 4, 'Churchmouth, Austria', 'Saw a alien near Churchmouth, Austria.', 58, 79, '2024-08-24', ST_SetSRID(ST_MakePoint(27.800588, 38.20469), 4326)),
(39, 1, 'Williamchester, Lao Peoples Democratic Republic', 'Saw a ghost near Williamchester, Lao Peoples Democratic Republic.', 45, 259, '2024-08-08', ST_SetSRID(ST_MakePoint(-120.120912, -45.275659), 4326)),
(39, 5, 'East Mary, Ethiopia', 'Saw a vampire near East Mary, Ethiopia.', 110, 846, '2023-07-14', ST_SetSRID(ST_MakePoint(21.932601, -12.509836), 4326)),
(44, 3, 'Zimmermanborough, Libyan Arab Jamahiriya', 'Saw a dragon near Zimmermanborough, Libyan Arab Jamahiriya.', 118, 150, '2025-03-05', ST_SetSRID(ST_MakePoint(-52.774961, -0.468976), 4326)),
(2, 3, 'Bakerfurt, Bulgaria', 'Saw a dragon near Bakerfurt, Bulgaria.', 43, 725, '2024-08-06', ST_SetSRID(ST_MakePoint(-41.455232, 7.951044), 4326)),
(37, 3, 'Adamsburgh, Puerto Rico', 'Saw a dragon near Adamsburgh, Puerto Rico.', 59, 300, '2023-05-04', ST_SetSRID(ST_MakePoint(-129.455427, -4.589956), 4326)),
(39, 5, 'West Jose, Romania', 'Saw a vampire near West Jose, Romania.', 57, 886, '2025-02-18', ST_SetSRID(ST_MakePoint(-54.582952, 8.447098), 4326)),
(9, 2, 'Lake Anthonyport, Gibraltar', 'Saw a bigfoot near Lake Anthonyport, Gibraltar.', 70, 888, '2024-08-17', ST_SetSRID(ST_MakePoint(147.410186, -17.814248), 4326)),
(9, 1, 'West Robert, Venezuela', 'Saw a ghost near West Robert, Venezuela.', 70, 510, '2023-07-30', ST_SetSRID(ST_MakePoint(23.03077, 59.507176), 4326)),
(13, 3, 'East Michaelfort, Kenya', 'Saw a dragon near East Michaelfort, Kenya.', 67, 94, '2023-09-03', ST_SetSRID(ST_MakePoint(20.310492, -10.8353), 4326)),
(37, 1, 'Ronaldchester, Ireland', 'Saw a ghost near Ronaldchester, Ireland.', 92, 316, '2024-01-30', ST_SetSRID(ST_MakePoint(-111.250925, -22.806958), 4326)),
(42, 4, 'North Angelamouth, Bulgaria', 'Saw a alien near North Angelamouth, Bulgaria.', 70, 380, '2023-07-05', ST_SetSRID(ST_MakePoint(114.760005, -12.756196), 4326)),
(21, 2, 'Port Aliciafurt, Palau', 'Saw a bigfoot near Port Aliciafurt, Palau.', 103, 981, '2024-04-28', ST_SetSRID(ST_MakePoint(32.327778, -11.130557), 4326)),
(47, 2, 'South Dana, Bhutan', 'Saw a bigfoot near South Dana, Bhutan.', 42, 95, '2024-03-14', ST_SetSRID(ST_MakePoint(132.014106, -18.448149), 4326)),
(11, 5, 'Lake Maryburgh, Gabon', 'Saw a vampire near Lake Maryburgh, Gabon.', 110, 535, '2023-11-24', ST_SetSRID(ST_MakePoint(126.050053, -13.363472), 4326)),
(2, 2, 'New Elizabethmouth, Afghanistan', 'Saw a bigfoot near New Elizabethmouth, Afghanistan.', 106, 329, '2023-08-12', ST_SetSRID(ST_MakePoint(121.066824, -12.197687), 4326)),
(20, 5, 'North Matthewmouth, Korea', 'Saw a vampire near North Matthewmouth, Korea.', 69, 69, '2025-02-07', ST_SetSRID(ST_MakePoint(10.291975, 67.064029), 4326)),
(37, 3, 'East Nicholas, Paraguay', 'Saw a dragon near East Nicholas, Paraguay.', 79, 893, '2024-07-08', ST_SetSRID(ST_MakePoint(-62.643259, 8.522022), 4326)),
(39, 2, 'Greenburgh, Wallis and Futuna', 'Saw a bigfoot near Greenburgh, Wallis and Futuna.', 100, 293, '2024-04-05', ST_SetSRID(ST_MakePoint(89.432798, 41.813949), 4326)),
(46, 5, 'Smithtown, Botswana', 'Saw a vampire near Smithtown, Botswana.', 62, 687, '2024-01-03', ST_SetSRID(ST_MakePoint(117.477981, -34.546765), 4326)),
(26, 3, 'West Amy, Macao', 'Saw a dragon near West Amy, Macao.', 105, 437, '2024-12-16', ST_SetSRID(ST_MakePoint(153.820423, -26.401935), 4326)),
(19, 2, 'Pamelaville, Mauritius', 'Saw a bigfoot near Pamelaville, Mauritius.', 118, 598, '2024-08-12', ST_SetSRID(ST_MakePoint(129.605343, -26.737097), 4326)),
(6, 3, 'Joybury, Uruguay', 'Saw a dragon near Joybury, Uruguay.', 94, 983, '2025-01-30', ST_SetSRID(ST_MakePoint(-66.063158, -7.884168), 4326)),
(35, 1, 'Lake Franklinburgh, Chad', 'Saw a ghost near Lake Franklinburgh, Chad.', 68, 267, '2024-04-17', ST_SetSRID(ST_MakePoint(16.94427, 66.247434), 4326)),
(2, 3, 'Rebeccaburgh, Kazakhstan', 'Saw a dragon near Rebeccaburgh, Kazakhstan.', 100, 50, '2024-10-20', ST_SetSRID(ST_MakePoint(6.265385, 39.141009), 4326)),
(16, 4, 'New Nicholasville, Bolivia', 'Saw a alien near New Nicholasville, Bolivia.', 65, 320, '2023-12-18', ST_SetSRID(ST_MakePoint(-4.893419, 47.589397), 4326)),
(35, 5, 'Lake Kaylaborough, Equatorial Guinea', 'Saw a vampire near Lake Kaylaborough, Equatorial Guinea.', 70, 937, '2024-11-03', ST_SetSRID(ST_MakePoint(-47.44223, -54.278259), 4326)),
(50, 5, 'Perezhaven, Moldova', 'Saw a vampire near Perezhaven, Moldova.', 36, 641, '2025-01-31', ST_SetSRID(ST_MakePoint(152.319115, -12.009939), 4326)),
(31, 3, 'Jacobtown, Myanmar', 'Saw a dragon near Jacobtown, Myanmar.', 52, 444, '2024-03-13', ST_SetSRID(ST_MakePoint(44.040141, -18.17666), 4326)),
(43, 1, 'West Michael, Germany', 'Saw a ghost near West Michael, Germany.', 47, 743, '2024-04-23', ST_SetSRID(ST_MakePoint(-87.730973, -27.788553), 4326)),
(9, 4, 'Gilmoreview, Guatemala', 'Saw a alien near Gilmoreview, Guatemala.', 50, 165, '2023-11-19', ST_SetSRID(ST_MakePoint(145.796976, -33.203936), 4326)),
(13, 5, 'East Natasha, United Arab Emirates', 'Saw a vampire near East Natasha, United Arab Emirates.', 83, 930, '2024-04-15', ST_SetSRID(ST_MakePoint(29.158973, 38.586186), 4326)),
(44, 3, 'Dawnstad, Lebanon', 'Saw a dragon near Dawnstad, Lebanon.', 61, 562, '2024-08-17', ST_SetSRID(ST_MakePoint(-64.260684, 10.676312), 4326)),
(14, 5, 'Emmatown, Bosnia and Herzegovina', 'Saw a vampire near Emmatown, Bosnia and Herzegovina.', 97, 293, '2024-04-12', ST_SetSRID(ST_MakePoint(31.44595, 44.615172), 4326)),
(1, 5, 'East Lisa, Zambia', 'Saw a vampire near East Lisa, Zambia.', 75, 729, '2024-10-16', ST_SetSRID(ST_MakePoint(-47.5952, 18.796966), 4326)),
(42, 4, 'Andreaton, Liechtenstein', 'Saw a alien near Andreaton, Liechtenstein.', 114, 698, '2024-03-08', ST_SetSRID(ST_MakePoint(-9.106311, 66.612398), 4326)),
(15, 4, 'Connermouth, Heard Island and McDonald Islands', 'Saw a alien near Connermouth, Heard Island and McDonald Islands.', 53, 659, '2023-05-01', ST_SetSRID(ST_MakePoint(114.854356, 54.910138), 4326)),
(11, 4, 'New James, Liechtenstein', 'Saw a alien near New James, Liechtenstein.', 45, 263, '2023-08-02', ST_SetSRID(ST_MakePoint(132.862953, -15.989375), 4326)),
(27, 3, 'Lake Aprilside, Iraq', 'Saw a dragon near Lake Aprilside, Iraq.', 58, 806, '2024-08-10', ST_SetSRID(ST_MakePoint(46.228677, -9.628854), 4326)),
(32, 3, 'Jaredchester, Angola', 'Saw a dragon near Jaredchester, Angola.', 41, 123, '2024-06-17', ST_SetSRID(ST_MakePoint(-43.94129, 61.634818), 4326)),
(23, 5, 'Lovemouth, Saint Vincent and the Grenadines', 'Saw a vampire near Lovemouth, Saint Vincent and the Grenadines.', 97, 920, '2025-04-01', ST_SetSRID(ST_MakePoint(62.890565, 39.471771), 4326)),
(41, 4, 'East Christinachester, Kiribati', 'Saw a alien near East Christinachester, Kiribati.', 51, 256, '2024-10-19', ST_SetSRID(ST_MakePoint(40.003986, 22.659942), 4326)),
(17, 3, 'Calebton, Benin', 'Saw a dragon near Calebton, Benin.', 103, 661, '2024-01-15', ST_SetSRID(ST_MakePoint(-60.535961, -9.01323), 4326)),
(8, 3, 'Schneiderfurt, Slovenia', 'Saw a dragon near Schneiderfurt, Slovenia.', 47, 326, '2024-09-03', ST_SetSRID(ST_MakePoint(124.798577, -14.326355), 4326)),
(21, 5, 'West Todd, Iran', 'Saw a vampire near West Todd, Iran.', 54, 910, '2024-06-25', ST_SetSRID(ST_MakePoint(114.681328, -25.016521), 4326)),
(17, 3, 'Lake Ryanport, Peru', 'Saw a dragon near Lake Ryanport, Peru.', 56, 627, '2024-05-02', ST_SetSRID(ST_MakePoint(52.593661, 0.381461), 4326)),
(21, 2, 'South Emily, Jersey', 'Saw a bigfoot near South Emily, Jersey.', 68, 855, '2025-04-03', ST_SetSRID(ST_MakePoint(-82.680284, -41.133466), 4326)),
(36, 5, 'Kleinshire, Saint Helena', 'Saw a vampire near Kleinshire, Saint Helena.', 106, 515, '2024-07-31', ST_SetSRID(ST_MakePoint(41.885535, -23.218533), 4326)),
(31, 5, 'Terrystad, Gabon', 'Saw a vampire near Terrystad, Gabon.', 82, 750, '2024-03-12', ST_SetSRID(ST_MakePoint(-3.465213, 51.96252), 4326)),
(45, 1, 'West Benjamin, Kazakhstan', 'Saw a ghost near West Benjamin, Kazakhstan.', 62, 218, '2024-03-29', ST_SetSRID(ST_MakePoint(128.675328, 40.459601), 4326)),
(32, 4, 'Cameronbury, Greenland', 'Saw a alien near Cameronbury, Greenland.', 115, 587, '2023-10-18', ST_SetSRID(ST_MakePoint(-98.565194, 33.104908), 4326)),
(10, 2, 'Johnsonmouth, Cape Verde', 'Saw a bigfoot near Johnsonmouth, Cape Verde.', 69, 703, '2023-09-11', ST_SetSRID(ST_MakePoint(52.72014, -32.491084), 4326)),
(30, 1, 'Wileyville, Christmas Island', 'Saw a ghost near Wileyville, Christmas Island.', 112, 804, '2024-08-03', ST_SetSRID(ST_MakePoint(-71.560189, -6.739013), 4326)),
(40, 2, 'East Deborahburgh, Algeria', 'Saw a bigfoot near East Deborahburgh, Algeria.', 104, 704, '2024-09-11', ST_SetSRID(ST_MakePoint(147.149171, -14.42337), 4326)),
(34, 5, 'Leonardburgh, French Guiana', 'Saw a vampire near Leonardburgh, French Guiana.', 92, 589, '2024-02-24', ST_SetSRID(ST_MakePoint(72.311149, 28.192424), 4326)),
(22, 4, 'Collinsside, Argentina', 'Saw a alien near Collinsside, Argentina.', 108, 724, '2023-08-23', ST_SetSRID(ST_MakePoint(-92.483372, -5.265783), 4326)),
(9, 4, 'Mooreville, Panama', 'Saw a alien near Mooreville, Panama.', 97, 502, '2023-07-21', ST_SetSRID(ST_MakePoint(-57.204185, -3.619494), 4326)),
(46, 1, 'Briggsport, Saint Martin', 'Saw a ghost near Briggsport, Saint Martin.', 116, 902, '2024-12-31', ST_SetSRID(ST_MakePoint(27.061613, 61.68146), 4326)),
(37, 5, 'Kevinton, Myanmar', 'Saw a vampire near Kevinton, Myanmar.', 59, 648, '2025-01-17', ST_SetSRID(ST_MakePoint(-73.590907, 2.558233), 4326)),
(36, 4, 'Martinmouth, Bangladesh', 'Saw a alien near Martinmouth, Bangladesh.', 96, 699, '2023-06-07', ST_SetSRID(ST_MakePoint(-68.891648, 1.138395), 4326)),
(34, 3, 'Jeffreymouth, Norfolk Island', 'Saw a dragon near Jeffreymouth, Norfolk Island.', 73, 562, '2023-12-18', ST_SetSRID(ST_MakePoint(39.150416, 67.938388), 4326)),
(28, 1, 'South Nancy, Jamaica', 'Saw a ghost near South Nancy, Jamaica.', 68, 539, '2023-05-23', ST_SetSRID(ST_MakePoint(-80.842025, 44.273584), 4326)),
(31, 4, 'Port Sarastad, Albania', 'Saw a alien near Port Sarastad, Albania.', 110, 592, '2023-12-06', ST_SetSRID(ST_MakePoint(-46.625909, 47.477569), 4326)),
(35, 3, 'Brianton, Niger', 'Saw a dragon near Brianton, Niger.', 115, 89, '2023-05-25', ST_SetSRID(ST_MakePoint(131.417762, -18.622525), 4326)),
(18, 3, 'Port Brittney, Chile', 'Saw a dragon near Port Brittney, Chile.', 119, 600, '2024-04-20', ST_SetSRID(ST_MakePoint(-111.195905, -44.043441), 4326)),
(33, 1, 'New Donaldside, Burkina Faso', 'Saw a ghost near New Donaldside, Burkina Faso.', 38, 833, '2024-12-29', ST_SetSRID(ST_MakePoint(1.403662, 54.015564), 4326)),
(31, 1, 'North Jennaville, Cook Islands', 'Saw a ghost near North Jennaville, Cook Islands.', 54, 736, '2025-01-18', ST_SetSRID(ST_MakePoint(123.871428, -34.67131), 4326)),
(8, 3, 'South Ryanville, Lebanon', 'Saw a dragon near South Ryanville, Lebanon.', 54, 442, '2024-10-30', ST_SetSRID(ST_MakePoint(-41.92684, -2.712949), 4326)),
(32, 4, 'Benitezburgh, Mauritania', 'Saw a alien near Benitezburgh, Mauritania.', 77, 788, '2023-07-10', ST_SetSRID(ST_MakePoint(-46.876673, 3.916113), 4326)),
(23, 3, 'Port Nathan, Thailand', 'Saw a dragon near Port Nathan, Thailand.', 115, 225, '2024-03-14', ST_SetSRID(ST_MakePoint(82.47433, 52.286793), 4326)),
(21, 5, 'North Courtney, Antigua and Barbuda', 'Saw a vampire near North Courtney, Antigua and Barbuda.', 88, 196, '2024-11-09', ST_SetSRID(ST_MakePoint(94.403077, 28.290833), 4326)),
(20, 4, 'North Jessica, Honduras', 'Saw a alien near North Jessica, Honduras.', 61, 75, '2025-03-18', ST_SetSRID(ST_MakePoint(42.810449, 26.280877), 4326)),
(20, 1, 'Allisonmouth, Moldova', 'Saw a ghost near Allisonmouth, Moldova.', 120, 59, '2024-10-15', ST_SetSRID(ST_MakePoint(-58.040274, 0.435909), 4326)),
(4, 5, 'Stoutbury, Monaco', 'Saw a vampire near Stoutbury, Monaco.', 66, 577, '2024-10-11', ST_SetSRID(ST_MakePoint(110.027692, -19.594474), 4326)),
(6, 5, 'East Cassidystad, Saint Pierre and Miquelon', 'Saw a vampire near East Cassidystad, Saint Pierre and Miquelon.', 110, 904, '2023-11-28', ST_SetSRID(ST_MakePoint(125.781067, -25.951358), 4326)),
(5, 5, 'Williamtown, Algeria', 'Saw a vampire near Williamtown, Algeria.', 78, 947, '2023-04-22', ST_SetSRID(ST_MakePoint(116.12891, -34.458199), 4326)),
(10, 3, 'West Joy, Puerto Rico', 'Saw a dragon near West Joy, Puerto Rico.', 116, 644, '2023-10-01', ST_SetSRID(ST_MakePoint(-56.738325, 44.176141), 4326)),
(35, 3, 'East Darrell, Liechtenstein', 'Saw a dragon near East Darrell, Liechtenstein.', 90, 814, '2024-11-12', ST_SetSRID(ST_MakePoint(-79.695382, -5.080358), 4326)),
(8, 5, 'Estradaview, Eritrea', 'Saw a vampire near Estradaview, Eritrea.', 36, 502, '2025-01-15', ST_SetSRID(ST_MakePoint(36.199014, 13.086366), 4326)),
(32, 3, 'Port Billy, United States Virgin Islands', 'Saw a dragon near Port Billy, United States Virgin Islands.', 103, 454, '2024-09-12', ST_SetSRID(ST_MakePoint(126.153954, -18.029276), 4326)),
(12, 4, 'Lisamouth, Cook Islands', 'Saw a alien near Lisamouth, Cook Islands.', 118, 890, '2024-08-25', ST_SetSRID(ST_MakePoint(41.854044, -27.919584), 4326));

-- USERS INFORMATION
INSERT INTO profile.users (user_id, username, full_name, about_me, hometown_city, hometown_state, hometown_country, birthday, created_at, profile_pic) VALUES
(1, 'SasquatchSeeker', 'Morgan Wilkins', 'Outdoor enthusiast and cryptid researcher. I spend my weekends hiking in remote forests looking for evidence of the elusive Sasquatch.', 'Portland', 'Oregon', 'USA', '1985-06-15', CURRENT_TIMESTAMP, 'profile_pics/sasquatch_seeker.jpg'),
(2, 'MothmanWatcher', 'Tamara Reynolds', 'Night owl and paranormal investigator. The Mothman incident in Point Pleasant changed my life. Now I document strange winged sightings.', 'Point Pleasant', 'West Virginia', 'USA', '1979-11-12', CURRENT_TIMESTAMP, 'profile_pics/mothman_watcher.jpg'),
(3, 'RoswellRanger', 'Donald Mitchell', 'UFOlogy enthusiast with a passion for desert exploration. There is more to the 1947 Roswell incident than we have been told.', 'Roswell', 'New Mexico', 'USA', '1968-07-07', CURRENT_TIMESTAMP, 'profile_pics/roswell_ranger.jpg'),
(4, 'GhostWhisperer', 'Corey Martinez', 'Medium and spiritual guide. I can sense the presence of spirits and help them communicate with the living. Available for home cleansings.', 'Salem', 'Massachusetts', 'USA', '1990-10-31', CURRENT_TIMESTAMP, 'profile_pics/ghost_whisperer.jpg'),
(5, 'DragonSlayer42', 'Hector Ramos', 'Fantasy novelist and DnD Dungeon Master for 15 years. My dragon-themed campaigns are legendary among my players.', 'Austin', 'Texas', 'USA', '1982-04-23', CURRENT_TIMESTAMP, 'profile_pics/dragon_slayer.jpg'),
(6, 'VanHelsing', 'Yasmin Page', 'Gothic literature professor specializing in vampire folklore across Eastern European cultures. Currently researching Transylvanian myths.', 'New Orleans', 'Louisiana', 'USA', '1975-02-14', CURRENT_TIMESTAMP, 'profile_pics/van_helsing.jpg'),
(7, 'NessieHunter', 'Jane Walker', 'Marine biologist with a focus on undiscovered species. I have spent 5 summers at Loch Ness with advanced sonar equipment.', 'Inverness', 'Scotland', 'United Kingdom', '1988-08-24', CURRENT_TIMESTAMP, 'profile_pics/nessie_hunter.jpg'),
(8, 'YetiTracker', 'Luke Miller', 'Himalayan expedition guide and wildlife photographer. I have led 12 expeditions searching for evidence of the Abominable Snowman.', 'Kathmandu', 'Bagmati', 'Nepal', '1980-12-04', CURRENT_TIMESTAMP, 'profile_pics/yeti_tracker.jpg'),
(9, 'ChupacabraChaser', 'Kelly Turner', 'Veterinarian and folklore enthusiast investigating livestock attacks in rural communities. Expert in distinguishing predator characteristics.', 'San Juan', 'Puerto Rico', 'USA', '1984-09-17', CURRENT_TIMESTAMP, 'profile_pics/chupacabra_chaser.jpg'),
(10, 'AreaFiftyWon', 'Tamara Morrison', 'Desert explorer and UFO enthusiast with an interest in declassified documents. The truth is out there, and I am connecting the dots.', 'Rachel', 'Nevada', 'USA', '1973-05-09', CURRENT_TIMESTAMP, 'profile_pics/area_51_won.jpg'),
(11, 'VladTheImpaler', 'Zachary Davis', 'History professor specializing in medieval warfare and European rulers. Vlad Dracula military tactics were revolutionary for his time.', 'Bucharest', 'Romania', 'Romania', '1972-03-16', CURRENT_TIMESTAMP, 'profile_pics/vlad_impaler.jpg'),
(12, 'JerseyDevil', 'Kelly Lopez', 'Environmental conservationist and Pine Barrens tour guide. I know every inch of these woods and all the legends they contain.', 'Leeds Point', 'New Jersey', 'USA', '1986-01-13', CURRENT_TIMESTAMP, 'profile_pics/jersey_devil.jpg'),
(13, 'StrangerThings11', 'Thomas McLean', 'Science fiction writer and 80s nostalgia collector. My basement is filled with vintage arcade machines and DnD manuals.', 'Hawkins', 'Indiana', 'USA', '1992-11-06', CURRENT_TIMESTAMP, 'profile_pics/stranger_eleven.jpg'),
(14, 'WalkingDead', 'Aimee Wilson', 'Disaster preparedness specialist and zombie apocalypse survival instructor. Are you ready for when society collapses?', 'Atlanta', 'Georgia', 'USA', '1989-10-31', CURRENT_TIMESTAMP, 'profile_pics/walking_dead.jpg'),
(15, 'BuddyTheElf', 'Shannon Murphy', 'Professional Christmas decorator and holiday enthusiast. I watch Elf year-round and make the best hot chocolate north of the North Pole.', 'North Pole', 'Alaska', 'USA', '1995-12-25', CURRENT_TIMESTAMP, 'profile_pics/buddy_elf.jpg'),
(16, 'PacificRimRanger', 'Victoria Matthews', 'Mechanical engineer and mecha designer for film and video games. I build functioning miniature robot models in my spare time.', 'Tokyo', 'Tokyo', 'Japan', '1991-07-12', CURRENT_TIMESTAMP, 'profile_pics/pacific_rim.jpg'),
(17, 'BigfootBelievers', 'Nathan Jackson', 'Documentary filmmaker focusing on cryptid sightings in the Pacific Northwest. My podcast has over 50000 monthly listeners.', 'Seattle', 'Washington', 'USA', '1983-05-30', CURRENT_TIMESTAMP, 'profile_pics/bigfoot_believer.jpg'),
(18, 'GhostbustersFan', 'Cynthia Montoya', 'Paranormal equipment designer and ghost tour operator. My EMF detectors can pick up the faintest spiritual disturbances.', 'New York', 'New York', 'USA', '1984-06-08', CURRENT_TIMESTAMP, 'profile_pics/ghostbusters_fan.jpg'),
(19, 'WinchesterHunter', 'Henry Davis', 'Folklore collector specializing in American urban legends and hunting superstitions. My family has tracked the supernatural for generations.', 'Lawrence', 'Kansas', 'USA', '1979-01-24', CURRENT_TIMESTAMP, 'profile_pics/winchester_hunter.jpg'),
(20, 'XFilesObsessed', 'Zoe Clark', 'Private investigator and conspiracy theory researcher. I have filing cabinets full of unexplained phenomena reports and mysterious cases.', 'Washington', 'DC', 'USA', '1974-09-10', CURRENT_TIMESTAMP, 'profile_pics/x_files_fan.jpg'),
(21, 'BendyDragonWing', 'Chad Huff', 'Fantasy artist and dragon sculptor. My ceramic dragon pieces have been featured in fantasy art exhibitions worldwide.', 'Minneapolis', 'Minnesota', 'USA', '1988-11-18', CURRENT_TIMESTAMP, 'profile_pics/dragon_wing.jpg'),
(22, 'AlienProber', 'Ryan Bennett', 'Astronomy enthusiast and SETI volunteer. I have spent 5000 hours analyzing radio signals for signs of extraterrestrial intelligence.', 'Green Bank', 'West Virginia', 'USA', '1981-02-28', CURRENT_TIMESTAMP, 'profile_pics/alien_prober.jpg'),
(23, 'SpookySkellington', 'Peter Lyons', 'Halloween decorator and prop maker. My animatronic skeletons and ghosts are the highlight of the neighborhood every October.', 'Halloween Town', 'Oregon', 'USA', '1990-10-13', CURRENT_TIMESTAMP, 'profile_pics/spooky_skeleton.jpg'),
(24, 'TwilightFanatic', 'Tammy Brown', 'Young adult fiction blogger and vampire romance enthusiast. I have visited Forks WA seventeen times and own every piece of Twilight merchandise.', 'Forks', 'Washington', 'USA', '1993-08-13', CURRENT_TIMESTAMP, 'profile_pics/twilight_fan.jpg'),
(25, 'CryptidCollector', 'Alexander Maldonado', 'Anthropologist specializing in folklore creatures across cultures. My database contains over 500 distinct cryptid descriptions worldwide.', 'Exeter', 'Rhode Island', 'USA', '1971-06-22', CURRENT_TIMESTAMP, 'profile_pics/cryptid_collector.jpg'),
(26, 'Mandolorian', 'Paul Rodriguez', 'Cosplay armor creator and prop weapons specialist. This is the way to make screen-accurate helmets and beskar steel replicas.', 'Phoenix', 'Arizona', 'USA', '1987-05-04', CURRENT_TIMESTAMP, 'profile_pics/mandalorian.jpg'),
(27, 'VampireBlood', 'Veronica Harmon', 'Gothic fashion designer and nocturnal lifestyle advocate. My clothing line features elegant capes and Victorian-inspired pieces.', 'Whitby', 'Yorkshire', 'United Kingdom', '1994-11-30', CURRENT_TIMESTAMP, 'profile_pics/vampire_blood.jpg'),
(28, 'PoltergeistPal', 'Emily Nguyen', 'Paranormal researcher with a focus on object manipulation by spirits. My house has 24/7 camera monitoring for unexplained movements.', 'Amityville', 'New York', 'USA', '1986-03-21', CURRENT_TIMESTAMP, 'profile_pics/poltergeist_pal.jpg'),
(29, 'BabyYoda', 'Peter Goodman', 'Star Wars collectibles dealer specializing in rare figurines. My Grogu merchandise collection is unrivaled in the galaxy.', 'San Diego', 'California', 'USA', '1982-05-25', CURRENT_TIMESTAMP, 'profile_pics/baby_yoda.jpg'),
(30, 'DraculasRevenge', 'Holly Moore', 'Blood bank technician by day, vampire novel writer by night. My Eternal Thirst series has a dedicated underground following.', 'Transylvania', 'Pennsylvania', 'USA', '1978-10-27', CURRENT_TIMESTAMP, 'profile_pics/draculas_revenge.jpg'),
(31, 'KrakenSeeker', 'Jacqueline Morales', 'Deep-sea biologist and giant squid researcher. I have spent 500 hours in submersibles searching for the legendary kraken of Norse myths.', 'Bergen', 'Hordaland', 'Norway', '1985-08-08', CURRENT_TIMESTAMP, 'profile_pics/kraken_seeker.jpg'),
(32, 'PhoenixRising', 'Sean Green', 'Fire performance artist and mythological bird enthusiast. My tattoo collection features phoenix designs from diverse cultural traditions.', 'Phoenix', 'Arizona', 'USA', '1990-07-04', CURRENT_TIMESTAMP, 'profile_pics/phoenix_rising.jpg'),
(33, 'WerewolfWhisperer', 'Larry Simpson', 'Wildlife rehabilitator specializing in wolf recovery programs. I also track lunar cycle effects on animal behavior.', 'Wolf Point', 'Montana', 'USA', '1976-02-14', CURRENT_TIMESTAMP, 'profile_pics/werewolf_whisperer.jpg'),
(34, 'FlatEarthBeliefer', 'David Monroe', 'Alternative science theorist and convention organizer. Questions everything you have been told about our world shape.', 'Truth or Consequences', 'New Mexico', 'USA', '1969-07-20', CURRENT_TIMESTAMP, 'profile_pics/flat_earth.jpg'),
(35, 'JackSkellington', 'Jennifer Lewis', 'Stop-motion animation artist and Halloween/Christmas fusion decorator. My house transitions seamlessly between holiday themes.', 'Halloween Town', 'Massachusetts', 'USA', '1993-12-31', CURRENT_TIMESTAMP, 'profile_pics/jack_skellington.jpg'),
(36, 'FrodoTheSavior', 'David Banks', 'Fantasy literature professor and hobbit lifestyle advocate. My home features a round door and I grow my own pipeweed.', 'Hobbiton', 'Wisconsin', 'USA', '1974-09-22', CURRENT_TIMESTAMP, 'profile_pics/frodo_baggins.jpg'),
(37, 'StrangerDanger', 'Brian Burton', 'Synthesizer composer and retro electronic music producer. My album Upside Down Sounds features 80s-inspired horror themes.', 'Hawkins', 'Indiana', 'USA', '1988-11-16', CURRENT_TIMESTAMP, 'profile_pics/stranger_danger.jpg'),
(38, 'GodzillaFan', 'Dennis Callahan', 'Kaiju film historian and miniature city builder. I recreate famous monster battle scenes with amazing detail.', 'Tokyo', 'Tokyo', 'Japan', '1975-11-03', CURRENT_TIMESTAMP, 'profile_pics/godzilla_fan.jpg'),
(39, 'LochNessMonster', 'Joshua Wiggins', 'Underwater photographer and Scottish tourism guide. I have captured some unexplainable shadows beneath Loch Ness.', 'Drumnadrochit', 'Highland', 'Scotland', '1984-04-14', CURRENT_TIMESTAMP, 'profile_pics/loch_ness.jpg'),
(40, 'AbominableSnowman', 'Jordan Harris', 'High-altitude mountaineer and cryptid photographer. I have found unusual footprints above 20000 feet in the Himalayas.', 'Kathmandu', 'Bagmati', 'Nepal', '1979-12-18', CURRENT_TIMESTAMP, 'profile_pics/abominable.jpg'),
(41, 'UFOAbductee', 'Xavier Bowman', 'Support group leader for those with missing time experiences. We meet monthly under the stars to share our stories.', 'Sedona', 'Arizona', 'USA', '1972-04-17', CURRENT_TIMESTAMP, 'profile_pics/ufo_abductee.jpg'),
(42, 'SlayerOfVampires', 'Nicholas Carter', 'Martial arts instructor specializing in wooden weapon combat. I also craft artisanal wooden stakes and garlic-infused protection charms.', 'Sunnydale', 'California', 'USA', '1989-05-07', CURRENT_TIMESTAMP, 'profile_pics/vampire_slayer.jpg'),
(43, 'DementorHunter', 'Christine Morgan', 'Chocolatier specializing in mood-enhancing confections. My treats are guaranteed to bring happiness even on your darkest days.', 'Oxford', 'England', 'United Kingdom', '1992-02-02', CURRENT_TIMESTAMP, 'profile_pics/dementor_hunter.jpg'),
(44, 'ThunderDragon', 'Edward Silva', 'Storm chaser and weather pattern analyst. I track electrical storms that ancient cultures would have interpreted as dragon sightings.', 'Stormwind', 'Colorado', 'USA', '1981-06-10', CURRENT_TIMESTAMP, 'profile_pics/thunder_dragon.jpg'),
(45, 'HauntedHouseGuide', 'Kelly Woods', 'Historical building preservationist and paranormal tour operator. I have documented activity in over 100 allegedly haunted locations.', 'Savannah', 'Georgia', 'USA', '1987-10-13', CURRENT_TIMESTAMP, 'profile_pics/haunted_guide.jpg'),
(46, 'DarkShadow', 'Hayden Powell', 'Gothic literature professor and Victorian seance recreator. My parlor gatherings attempt to contact spirits using period-accurate methods.', 'Collinsport', 'Maine', 'USA', '1972-06-27', CURRENT_TIMESTAMP, 'profile_pics/dark_shadow.jpg'),
(47, 'MidnightVampire', 'Timothy Hoffman', 'Nocturnal photographer and bat conservation advocate. I only shoot after sunset and specialize in cemetery landscapes.', 'Bran', 'Transylvania', 'Romania', '1986-10-31', CURRENT_TIMESTAMP, 'profile_pics/midnight_vampire.jpg'),
(48, 'ElderScrolls', 'Franklin Wilson', 'Video game environment designer and fantasy cartographer. I create immersive worlds inspired by Nordic and Celtic mythology.', 'Whiterun', 'Illinois', 'USA', '1991-11-11', CURRENT_TIMESTAMP, 'profile_pics/elder_scrolls.jpg'),
(49, 'CthulhuCultist', 'Oliver Drake', 'Marine biologist specializing in deep-sea cephalopods. My research explores the organisms that may have inspired Lovecrafts creations.', 'Innsmouth', 'Massachusetts', 'USA', '1977-08-20', CURRENT_TIMESTAMP, 'profile_pics/cthulhu.jpg'),
(50, 'SilentHillNurse', 'Corey Cruz', 'Fog machine technician and atmospheric horror set designer. My haunted hospital installations have caused actual fainting.', 'Silent Hill', 'Maine', 'USA', '1983-07-31', CURRENT_TIMESTAMP, 'profile_pics/silent_hill.jpg');
-- ensure every user has a badge record
--
INSERT INTO profile.user_badges_real (user_id)
SELECT user_id
  FROM profile.security
ON CONFLICT DO NOTHING;