-- USERS
INSERT INTO profile.security (user_id, email, password_hash, failed_attempts, last_login) VALUES
(1, 'user1@example.com', '$2b$12$Jv9Lkx0YB.AQgWK3YALc6.j0mZB/RZBb4BysgSJ/1fIBPVsHVa65m', 0, CURRENT_TIMESTAMP),
(2, 'tammy59@gmail.com', 'hashed_password_2', 3, CURRENT_TIMESTAMP),
(3, 'donald19@archer-patel.org', 'hashed_password_3', 0, CURRENT_TIMESTAMP),
(4, 'corey15@castro-gomez.com', 'hashed_password_4', 2, CURRENT_TIMESTAMP),
(5, 'hramos@brown-sellers.com', 'hashed_password_5', 3, CURRENT_TIMESTAMP),
(6, 'ypage@garrett.com', 'hashed_password_6', 3, CURRENT_TIMESTAMP),
(7, 'jane13@walker.net', 'hashed_password_7', 2, CURRENT_TIMESTAMP),
(8, 'millerluke@hotmail.com', 'hashed_password_8', 3, CURRENT_TIMESTAMP),
(9, 'turnerkelly@gmail.com', 'hashed_password_9', 2, CURRENT_TIMESTAMP),
(10, 'tamaramorrison@hotmail.com', 'hashed_password_10', 1, CURRENT_TIMESTAMP),
(11, 'zdavis@yahoo.com', 'hashed_password_11', 1, CURRENT_TIMESTAMP),
(12, 'kellylopez@gmail.com', 'hashed_password_12', 2, CURRENT_TIMESTAMP),
(13, 'thomas12@mclean.net', 'hashed_password_13', 1, CURRENT_TIMESTAMP),
(14, 'aimee33@hotmail.com', 'hashed_password_14', 0, CURRENT_TIMESTAMP),
(15, 'shannon51@yahoo.com', 'hashed_password_15', 2, CURRENT_TIMESTAMP),
(16, 'vmatthews@sanchez.com', 'hashed_password_16', 1, CURRENT_TIMESTAMP),
(17, 'nathanjackson@cabrera-garcia.com', 'hashed_password_17', 2, CURRENT_TIMESTAMP),
(18, 'montoyacynthia@guzman.com', 'hashed_password_18', 0, CURRENT_TIMESTAMP),
(19, 'hdavis@jacobs.com', 'hashed_password_19', 0, CURRENT_TIMESTAMP),
(20, 'zclark@giles.net', 'hashed_password_20', 2, CURRENT_TIMESTAMP),
(21, 'huffchad@gmail.com', 'hashed_password_21', 3, CURRENT_TIMESTAMP),
(22, 'ryan08@yahoo.com', 'hashed_password_22', 0, CURRENT_TIMESTAMP),
(23, 'lyonspeter@howard-dennis.org', 'hashed_password_23', 2, CURRENT_TIMESTAMP),
(24, 'tammybrown@moore.com', 'hashed_password_24', 3, CURRENT_TIMESTAMP),
(25, 'alexandermaldonado@hotmail.com', 'hashed_password_25', 2, CURRENT_TIMESTAMP),
(26, 'paul42@hotmail.com', 'hashed_password_26', 1, CURRENT_TIMESTAMP),
(27, 'vharmon@williams.info', 'hashed_password_27', 3, CURRENT_TIMESTAMP),
(28, 'emily99@gmail.com', 'hashed_password_28', 3, CURRENT_TIMESTAMP),
(29, 'pgoodman@gmail.com', 'hashed_password_29', 2, CURRENT_TIMESTAMP),
(30, 'hollymoore@walsh.org', 'hashed_password_30', 0, CURRENT_TIMESTAMP),
(31, 'moralesjacqueline@yahoo.com', 'hashed_password_31', 0, CURRENT_TIMESTAMP),
(32, 'seangreen@griffin.net', 'hashed_password_32', 0, CURRENT_TIMESTAMP),
(33, 'simpsonlarry@williams-carson.biz', 'hashed_password_33', 3, CURRENT_TIMESTAMP),
(34, 'monroedavid@morales.biz', 'hashed_password_34', 0, CURRENT_TIMESTAMP),
(35, 'lewisjennifer@gmail.com', 'hashed_password_35', 3, CURRENT_TIMESTAMP),
(36, 'davidbanks@ramirez-good.com', 'hashed_password_36', 2, CURRENT_TIMESTAMP),
(37, 'bburton@yahoo.com', 'hashed_password_37', 1, CURRENT_TIMESTAMP),
(38, 'callahandennis@hotmail.com', 'hashed_password_38', 2, CURRENT_TIMESTAMP),
(39, 'wigginsjoshua@gmail.com', 'hashed_password_39', 0, CURRENT_TIMESTAMP),
(40, 'harrisjordan@potts-mays.com', 'hashed_password_40', 1, CURRENT_TIMESTAMP),
(41, 'xbowman@hotmail.com', 'hashed_password_41', 1, CURRENT_TIMESTAMP),
(42, 'nicholascarter@hernandez.com', 'hashed_password_42', 1, CURRENT_TIMESTAMP),
(43, 'morganchristine@gmail.com', 'hashed_password_43', 1, CURRENT_TIMESTAMP),
(44, 'edwardsilva@yahoo.com', 'hashed_password_44', 3, CURRENT_TIMESTAMP),
(45, 'kellywoods@gmail.com', 'hashed_password_45', 0, CURRENT_TIMESTAMP),
(46, 'hayden81@powell-murphy.biz', 'hashed_password_46', 0, CURRENT_TIMESTAMP),
(47, 'hoffmantimothy@randall-cherry.com', 'hashed_password_47', 2, CURRENT_TIMESTAMP),
(48, 'fwilson@johnson-rogers.com', 'hashed_password_48', 3, CURRENT_TIMESTAMP),
(49, 'odrake@jones.com', 'hashed_password_49', 0, CURRENT_TIMESTAMP),
(50, 'cruzcorey@stone.org', 'hashed_password_50', 2, CURRENT_TIMESTAMP);

-- CREATURES
INSERT INTO agg.creatures (creature_id, creature_name) VALUES
(1, 'Ghost'),
(2, 'Bigfoot'),
(3, 'Dragon'),
(4, 'Alien'),
(5, 'Vampire');

-- LOCATIONS
INSERT INTO info.locations (location_id, location_name, latitude, longitude) VALUES
(1, 'South Christopher, Iowa', 38.230414, -83.019438),
(2, 'Brendaburgh, Nevada', 38.138582, -76.760922),
(3, 'West Danny, Vermont', 37.966807, -68.097364),
(4, 'New Shannonborough, Delaware', 39.476455, -89.91821),
(5, 'Sandersborough, Tennessee', 35.679737, -89.415362),
(6, 'Port Jasonberg, Connecticut', 34.237628, -90.612241),
(7, 'South Nicholas, Ohio', 31.967908, -113.015303),
(8, 'North Vanessa, New York', 29.481509, -88.459156),
(9, 'New Richard, Utah', 40.759825, -96.361202),
(10, 'Richfort, Utah', 27.155785, -80.058973),
(11, 'Marthafort, South Dakota', 46.042489, -70.443901);

INSERT INTO info.sightings_preview (
    user_id, creature_id, location_name, description_short, height_inch, weight_lb, sighting_date, geom
) VALUES
(41, 1, 'Keene, US, America/New_York', 'Saw a woman near Keene, US, America/New_York.', 43, 809, '2024-08-31', ST_SetSRID(ST_MakePoint(-72.27814, 42.93369), 4326)),
(18, 2, 'Poulton-le-Fylde, GB, Europe/London', 'Saw a imagine near Poulton-le-Fylde, GB, Europe/London.', 68, 192, '2024-01-31', ST_SetSRID(ST_MakePoint(-2.98333, 53.83333), 4326)),
(48, 1, 'Thap Than, TH, Asia/Bangkok', 'Saw a see near Thap Than, TH, Asia/Bangkok.', 109, 139, '2025-04-21', ST_SetSRID(ST_MakePoint(99.89166, 15.46063), 4326)),
(38, 4, 'Muncar, ID, Asia/Jakarta', 'Saw a office near Muncar, ID, Asia/Jakarta.', 44, 80, '2024-04-04', ST_SetSRID(ST_MakePoint(114.33333, -8.43333), 4326)),
(6, 2, 'West Chester, US, America/New_York', 'Saw a thus near West Chester, US, America/New_York.', 69, 567, '2023-07-01', ST_SetSRID(ST_MakePoint(-75.60804, 39.96097), 4326)),
(39, 1, 'Portogruaro, IT, Europe/Rome', 'Saw a tax near Portogruaro, IT, Europe/Rome.', 111, 253, '2024-02-15', ST_SetSRID(ST_MakePoint(12.84052, 45.78071), 4326)),
(46, 5, 'Sankt Peter, AT, Europe/Vienna', 'Saw a management near Sankt Peter, AT, Europe/Vienna.', 93, 275, '2024-06-07', ST_SetSRID(ST_MakePoint(15.46667, 47.05), 4326)),
(29, 5, 'Arles, FR, Europe/Paris', 'Saw a decade near Arles, FR, Europe/Paris.', 75, 878, '2025-01-22', ST_SetSRID(ST_MakePoint(4.63031, 43.67681), 4326)),
(1, 2, 'Sakaraha, MG, Indian/Antananarivo', 'Saw a camera near Sakaraha, MG, Indian/Antananarivo.', 94, 398, '2024-08-11', ST_SetSRID(ST_MakePoint(44.53333, -22.9), 4326)),
(18, 2, 'Jocotepec, MX, America/Mexico_City', 'Saw a Mr near Jocotepec, MX, America/Mexico_City.', 67, 831, '2024-09-09', ST_SetSRID(ST_MakePoint(-103.42897, 20.28527), 4326)),
(22, 1, 'Martinsburg, US, America/New_York', 'Saw a house near Martinsburg, US, America/New_York.', 51, 439, '2024-08-25', ST_SetSRID(ST_MakePoint(-77.96389, 39.45621), 4326)),
(7, 3, 'Wacheng, CN, Asia/Shanghai', 'Saw a either near Wacheng, CN, Asia/Shanghai.', 84, 668, '2023-06-25', ST_SetSRID(ST_MakePoint(114.51667, 33.78333), 4326)),
(17, 1, 'Changshu City, CN, Asia/Shanghai', 'Saw a small near Changshu City, CN, Asia/Shanghai.', 98, 599, '2023-08-06', ST_SetSRID(ST_MakePoint(120.74221, 31.64615), 4326)),
(8, 4, 'Covington, US, America/New_York', 'Saw a determine near Covington, US, America/New_York.', 50, 615, '2023-10-21', ST_SetSRID(ST_MakePoint(-84.50855, 39.08367), 4326)),
(19, 5, 'Viradouro, BR, America/Sao_Paulo', 'Saw a bring near Viradouro, BR, America/Sao_Paulo.', 86, 641, '2024-04-22', ST_SetSRID(ST_MakePoint(-48.29694, -20.87306), 4326)),
(13, 1, 'Harstad, NO, Europe/Oslo', 'Saw a music near Harstad, NO, Europe/Oslo.', 45, 727, '2025-02-24', ST_SetSRID(ST_MakePoint(16.54165, 68.79833), 4326)),
(15, 3, 'Somma Vesuviana, IT, Europe/Rome', 'Saw a including near Somma Vesuviana, IT, Europe/Rome.', 50, 925, '2023-08-21', ST_SetSRID(ST_MakePoint(14.43865, 40.87329), 4326)),
(15, 1, 'Petrozavodsk, RU, Europe/Moscow', 'Saw a call near Petrozavodsk, RU, Europe/Moscow.', 88, 334, '2024-03-17', ST_SetSRID(ST_MakePoint(34.34691, 61.78491), 4326)),
(30, 3, 'Nakhon Si Thammarat, TH, Asia/Bangkok', 'Saw a minute near Nakhon Si Thammarat, TH, Asia/Bangkok.', 60, 429, '2024-02-09', ST_SetSRID(ST_MakePoint(99.96667, 8.43333), 4326)),
(23, 2, 'Eppingen, DE, Europe/Berlin', 'Saw a challenge near Eppingen, DE, Europe/Berlin.', 74, 768, '2024-01-05', ST_SetSRID(ST_MakePoint(8.91229, 49.13645), 4326)),
(44, 1, 'Blackpool, GB, Europe/London', 'Saw a certainly near Blackpool, GB, Europe/London.', 117, 700, '2024-09-08', ST_SetSRID(ST_MakePoint(-3.05, 53.81667), 4326)),
(11, 5, 'Jagna, PH, Asia/Manila', 'Saw a most near Jagna, PH, Asia/Manila.', 71, 217, '2025-02-13', ST_SetSRID(ST_MakePoint(124.3697, 9.6531), 4326)),
(30, 4, 'Manjeri, IN, Asia/Kolkata', 'Saw a single near Manjeri, IN, Asia/Kolkata.', 74, 997, '2023-05-11', ST_SetSRID(ST_MakePoint(76.11996, 11.12018), 4326)),
(41, 5, 'Marburg an der Lahn, DE, Europe/Berlin', 'Saw a read near Marburg an der Lahn, DE, Europe/Berlin.', 68, 751, '2024-04-24', ST_SetSRID(ST_MakePoint(8.77069, 50.80904), 4326)),
(21, 1, 'Rafiganj, IN, Asia/Kolkata', 'Saw a which near Rafiganj, IN, Asia/Kolkata.', 69, 891, '2023-04-24', ST_SetSRID(ST_MakePoint(84.63445, 24.81757), 4326)),
(3, 3, 'Coralville, US, America/Chicago', 'Saw a speak near Coralville, US, America/Chicago.', 91, 324, '2023-07-12', ST_SetSRID(ST_MakePoint(-91.58045, 41.6764), 4326)),
(5, 2, 'Eppingen, DE, Europe/Berlin', 'Saw a word near Eppingen, DE, Europe/Berlin.', 112, 947, '2025-02-14', ST_SetSRID(ST_MakePoint(8.91229, 49.13645), 4326)),
(46, 3, 'Longgang, CN, Asia/Shanghai', 'Saw a space near Longgang, CN, Asia/Shanghai.', 67, 721, '2023-09-03', ST_SetSRID(ST_MakePoint(120.33063, 37.65181), 4326)),
(32, 4, 'East Jerusalem, PS, Asia/Hebron', 'Saw a politics near East Jerusalem, PS, Asia/Hebron.', 98, 196, '2023-10-16', ST_SetSRID(ST_MakePoint(35.23388, 31.78336), 4326)),
(17, 2, 'Strood, GB, Europe/London', 'Saw a someone near Strood, GB, Europe/London.', 71, 812, '2024-02-23', ST_SetSRID(ST_MakePoint(0.47713, 51.39323), 4326)),
(36, 5, 'Donggongon, MY, Asia/Kuching', 'Saw a their near Donggongon, MY, Asia/Kuching.', 73, 814, '2024-10-03', ST_SetSRID(ST_MakePoint(116.10146, 5.90702), 4326)),
(38, 4, 'Zhoucun, CN, Asia/Shanghai', 'Saw a coach near Zhoucun, CN, Asia/Shanghai.', 114, 458, '2023-05-21', ST_SetSRID(ST_MakePoint(117.81667, 36.81667), 4326)),
(24, 2, 'Okegawa, JP, Asia/Tokyo', 'Saw a president near Okegawa, JP, Asia/Tokyo.', 57, 571, '2024-07-10', ST_SetSRID(ST_MakePoint(139.55722, 36.0), 4326)),
(32, 1, 'Phanat Nikhom, TH, Asia/Bangkok', 'Saw a fill near Phanat Nikhom, TH, Asia/Bangkok.', 46, 931, '2024-10-05', ST_SetSRID(ST_MakePoint(101.18445, 13.44581), 4326)),
(8, 2, 'Paracho de Verduzco, MX, America/Mexico_City', 'Saw a realize near Paracho de Verduzco, MX, America/Mexico_City.', 120, 213, '2023-12-02', ST_SetSRID(ST_MakePoint(-102.04897, 19.64745), 4326)),
(44, 4, 'Bryn Mawr-Skyway, US, America/Los_Angeles', 'Saw a sell near Bryn Mawr-Skyway, US, America/Los_Angeles.', 116, 115, '2024-04-11', ST_SetSRID(ST_MakePoint(-122.24092, 47.4943), 4326)),
(25, 4, 'Alatyr’, RU, Europe/Moscow', 'Saw a admit near Alatyr’, RU, Europe/Moscow.', 116, 529, '2024-12-18', ST_SetSRID(ST_MakePoint(46.5813, 54.8421), 4326)),
(34, 3, 'Olupona, NG, Africa/Lagos', 'Saw a peace near Olupona, NG, Africa/Lagos.', 110, 931, '2024-04-05', ST_SetSRID(ST_MakePoint(4.18333, 7.6), 4326)),
(1, 1, 'Leland, US, America/New_York', 'Saw a right near Leland, US, America/New_York.', 108, 818, '2023-06-05', ST_SetSRID(ST_MakePoint(-78.04471, 34.25628), 4326)),
(18, 3, 'Periyakulam, IN, Asia/Kolkata', 'Saw a model near Periyakulam, IN, Asia/Kolkata.', 54, 350, '2024-11-12', ST_SetSRID(ST_MakePoint(77.54372, 10.12268), 4326)),
(28, 2, 'Albufeira, PT, Europe/Lisbon', 'Saw a maintain near Albufeira, PT, Europe/Lisbon.', 98, 53, '2024-12-24', ST_SetSRID(ST_MakePoint(-8.2503, 37.08819), 4326)),
(47, 3, 'Tortona, IT, Europe/Rome', 'Saw a instead near Tortona, IT, Europe/Rome.', 104, 830, '2024-06-06', ST_SetSRID(ST_MakePoint(8.86374, 44.89784), 4326)),
(12, 5, 'Talisay, PH, Asia/Manila', 'Saw a moment near Talisay, PH, Asia/Manila.', 53, 941, '2025-02-22', ST_SetSRID(ST_MakePoint(122.9666, 10.7375), 4326)),
(41, 3, 'Sinhyeon, KR, Asia/Seoul', 'Saw a vote near Sinhyeon, KR, Asia/Seoul.', 104, 673, '2024-05-16', ST_SetSRID(ST_MakePoint(128.62667, 34.8825), 4326)),
(13, 2, 'Strood, GB, Europe/London', 'Saw a its near Strood, GB, Europe/London.', 87, 830, '2023-08-10', ST_SetSRID(ST_MakePoint(0.47713, 51.39323), 4326)),
(11, 5, 'Sremska Mitrovica, RS, Europe/Belgrade', 'Saw a change near Sremska Mitrovica, RS, Europe/Belgrade.', 107, 990, '2025-03-03', ST_SetSRID(ST_MakePoint(19.61222, 44.97639), 4326)),
(1, 5, 'Recife, BR, America/Recife', 'Saw a respond near Recife, BR, America/Recife.', 81, 550, '2024-12-10', ST_SetSRID(ST_MakePoint(-34.88111, -8.05389), 4326)),
(2, 1, 'Ramla, IL, Asia/Jerusalem', 'Saw a scene near Ramla, IL, Asia/Jerusalem.', 86, 949, '2024-02-08', ST_SetSRID(ST_MakePoint(34.86563, 31.92923), 4326)),
(20, 2, 'Karatsu, JP, Asia/Tokyo', 'Saw a here near Karatsu, JP, Asia/Tokyo.', 47, 296, '2024-07-10', ST_SetSRID(ST_MakePoint(129.96972, 33.4425), 4326)),
(37, 1, 'Bijeljina, BA, Europe/Sarajevo', 'Saw a sign near Bijeljina, BA, Europe/Sarajevo.', 50, 799, '2023-07-15', ST_SetSRID(ST_MakePoint(19.21437, 44.75874), 4326)),
(32, 1, 'Sathyamangalam, IN, Asia/Kolkata', 'Saw a father near Sathyamangalam, IN, Asia/Kolkata.', 108, 834, '2023-09-25', ST_SetSRID(ST_MakePoint(77.23826, 11.50526), 4326)),
(9, 2, 'Ulan-Ude, RU, Asia/Irkutsk', 'Saw a agreement near Ulan-Ude, RU, Asia/Irkutsk.', 100, 612, '2023-09-18', ST_SetSRID(ST_MakePoint(107.60627, 51.82721), 4326)),
(11, 3, 'Wacheng, CN, Asia/Shanghai', 'Saw a evening near Wacheng, CN, Asia/Shanghai.', 107, 943, '2024-04-19', ST_SetSRID(ST_MakePoint(114.51667, 33.78333), 4326)),
(39, 4, 'Jiangyan, CN, Asia/Shanghai', 'Saw a unit near Jiangyan, CN, Asia/Shanghai.', 67, 602, '2023-06-01', ST_SetSRID(ST_MakePoint(120.14278, 32.50611), 4326)),
(49, 2, 'Maspalomas, ES, Atlantic/Canary', 'Saw a sell near Maspalomas, ES, Atlantic/Canary.', 79, 458, '2023-07-29', ST_SetSRID(ST_MakePoint(-15.58602, 27.76056), 4326)),
(43, 3, 'Madrid, CO, America/Bogota', 'Saw a Republican near Madrid, CO, America/Bogota.', 96, 971, '2023-10-07', ST_SetSRID(ST_MakePoint(-74.26419, 4.73245), 4326)),
(34, 4, 'Greenpoint, US, America/New_York', 'Saw a dinner near Greenpoint, US, America/New_York.', 55, 303, '2023-07-03', ST_SetSRID(ST_MakePoint(-73.95097, 40.72371), 4326)),
(15, 1, 'Madrid, CO, America/Bogota', 'Saw a offer near Madrid, CO, America/Bogota.', 83, 71, '2024-01-05', ST_SetSRID(ST_MakePoint(-74.26419, 4.73245), 4326)),
(38, 5, 'Uran, IN, Asia/Kolkata', 'Saw a account near Uran, IN, Asia/Kolkata.', 69, 652, '2024-12-29', ST_SetSRID(ST_MakePoint(72.93924, 18.87813), 4326)),
(15, 1, 'Aykhal, RU, Asia/Yakutsk', 'Saw a kid near Aykhal, RU, Asia/Yakutsk.', 49, 774, '2025-03-15', ST_SetSRID(ST_MakePoint(111.4834, 65.93381), 4326)),
(41, 1, 'Ponta Delgada, PT, Atlantic/Azores', 'Saw a join near Ponta Delgada, PT, Atlantic/Azores.', 69, 119, '2025-02-02', ST_SetSRID(ST_MakePoint(-25.66689, 37.74615), 4326)),
(3, 3, 'Lutsk, UA, Europe/Kiev', 'Saw a small near Lutsk, UA, Europe/Kiev.', 49, 576, '2024-10-17', ST_SetSRID(ST_MakePoint(25.34244, 50.75932), 4326)),
(16, 3, 'Ukmerge, LT, Europe/Vilnius', 'Saw a factor near Ukmerge, LT, Europe/Vilnius.', 102, 269, '2025-02-25', ST_SetSRID(ST_MakePoint(24.75, 55.25), 4326)),
(35, 2, 'Zhukovka, RU, Europe/Moscow', 'Saw a various near Zhukovka, RU, Europe/Moscow.', 113, 640, '2025-04-14', ST_SetSRID(ST_MakePoint(33.72798, 53.53395), 4326)),
(31, 2, 'Pointe-Claire, CA, America/Toronto', 'Saw a happen near Pointe-Claire, CA, America/Toronto.', 100, 876, '2023-09-16', ST_SetSRID(ST_MakePoint(-73.81669, 45.44868), 4326)),
(27, 2, 'Shagamu, NG, Africa/Lagos', 'Saw a alone near Shagamu, NG, Africa/Lagos.', 52, 149, '2024-09-21', ST_SetSRID(ST_MakePoint(3.64633, 6.8485), 4326)),
(43, 4, 'Ushuaia, AR, America/Argentina/Ushuaia', 'Saw a join near Ushuaia, AR, America/Argentina/Ushuaia.', 85, 483, '2024-09-17', ST_SetSRID(ST_MakePoint(-68.3, -54.8), 4326)),
(27, 4, 'San Rafael, CR, America/Costa_Rica', 'Saw a assume near San Rafael, CR, America/Costa_Rica.', 46, 739, '2025-01-16', ST_SetSRID(ST_MakePoint(-84.13722, 9.92787), 4326)),
(42, 1, 'Otradnyy, RU, Europe/Samara', 'Saw a piece near Otradnyy, RU, Europe/Samara.', 47, 462, '2024-03-17', ST_SetSRID(ST_MakePoint(51.3452, 53.37596), 4326)),
(47, 3, 'Eisen, KR, Asia/Seoul', 'Saw a Mrs near Eisen, KR, Asia/Seoul.', 53, 304, '2024-08-12', ST_SetSRID(ST_MakePoint(128.63083, 36.82167), 4326)),
(13, 2, 'Pfullingen, DE, Europe/Berlin', 'Saw a surface near Pfullingen, DE, Europe/Berlin.', 108, 509, '2024-05-27', ST_SetSRID(ST_MakePoint(9.22796, 48.46458), 4326)),
(9, 4, 'Saraktash, RU, Asia/Yekaterinburg', 'Saw a catch near Saraktash, RU, Asia/Yekaterinburg.', 63, 335, '2024-08-28', ST_SetSRID(ST_MakePoint(56.36091, 51.78771), 4326)),
(30, 2, 'Hutchinson, US, America/Chicago', 'Saw a or near Hutchinson, US, America/Chicago.', 49, 503, '2024-09-28', ST_SetSRID(ST_MakePoint(-97.92977, 38.06084), 4326)),
(36, 1, 'Ukmerge, LT, Europe/Vilnius', 'Saw a could near Ukmerge, LT, Europe/Vilnius.', 46, 717, '2023-09-18', ST_SetSRID(ST_MakePoint(24.75, 55.25), 4326)),
(35, 1, 'Roslavl’, RU, Europe/Moscow', 'Saw a yes near Roslavl’, RU, Europe/Moscow.', 51, 998, '2024-05-04', ST_SetSRID(ST_MakePoint(32.86389, 53.95278), 4326)),
(49, 2, 'Sathyamangalam, IN, Asia/Kolkata', 'Saw a feel near Sathyamangalam, IN, Asia/Kolkata.', 61, 466, '2025-01-17', ST_SetSRID(ST_MakePoint(77.23826, 11.50526), 4326)),
(32, 4, 'Les Olives, FR, Europe/Paris', 'Saw a woman near Les Olives, FR, Europe/Paris.', 67, 935, '2023-08-11', ST_SetSRID(ST_MakePoint(5.4584, 43.32393), 4326)),
(26, 1, 'Barras, BR, America/Fortaleza', 'Saw a including near Barras, BR, America/Fortaleza.', 61, 438, '2025-02-20', ST_SetSRID(ST_MakePoint(-42.29444, -4.24444), 4326)),
(1, 4, 'Selby, GB, Europe/London', 'Saw a arm near Selby, GB, Europe/London.', 73, 998, '2023-05-30', ST_SetSRID(ST_MakePoint(-1.06667, 53.78333), 4326)),
(30, 3, 'Messaad, DZ, Africa/Algiers', 'Saw a area near Messaad, DZ, Africa/Algiers.', 94, 763, '2023-04-28', ST_SetSRID(ST_MakePoint(3.50309, 34.15429), 4326)),
(47, 5, 'East Dereham, GB, Europe/London', 'Saw a each near East Dereham, GB, Europe/London.', 102, 208, '2023-06-07', ST_SetSRID(ST_MakePoint(0.93333, 52.68333), 4326)),
(13, 3, 'Chanika, TZ, Africa/Dar_es_Salaam', 'Saw a civil near Chanika, TZ, Africa/Dar_es_Salaam.', 67, 109, '2023-11-06', ST_SetSRID(ST_MakePoint(38.01667, -5.41667), 4326)),
(38, 5, 'Yunguyo, PE, America/Lima', 'Saw a once near Yunguyo, PE, America/Lima.', 47, 815, '2024-07-30', ST_SetSRID(ST_MakePoint(-69.08333, -16.25), 4326)),
(21, 1, 'Edremit, TR, Europe/Istanbul', 'Saw a provide near Edremit, TR, Europe/Istanbul.', 46, 648, '2024-08-19', ST_SetSRID(ST_MakePoint(27.02444, 39.59611), 4326)),
(31, 5, 'Zvenihorodka, UA, Europe/Kiev', 'Saw a child near Zvenihorodka, UA, Europe/Kiev.', 107, 211, '2024-07-08', ST_SetSRID(ST_MakePoint(30.96755, 49.07866), 4326)),
(4, 5, 'Okegawa, JP, Asia/Tokyo', 'Saw a side near Okegawa, JP, Asia/Tokyo.', 50, 921, '2023-07-28', ST_SetSRID(ST_MakePoint(139.55722, 36.0), 4326)),
(12, 1, 'Madhipura, IN, Asia/Kolkata', 'Saw a smile near Madhipura, IN, Asia/Kolkata.', 116, 119, '2024-04-16', ST_SetSRID(ST_MakePoint(86.79271, 25.92127), 4326)),
(44, 2, 'Malnate, IT, Europe/Rome', 'Saw a blood near Malnate, IT, Europe/Rome.', 91, 172, '2023-06-19', ST_SetSRID(ST_MakePoint(8.88104, 45.79377), 4326)),
(37, 2, 'Buenaventura, CO, America/Bogota', 'Saw a notice near Buenaventura, CO, America/Bogota.', 114, 658, '2025-04-19', ST_SetSRID(ST_MakePoint(-77.03116, 3.8801), 4326)),
(3, 5, 'Gisborne, NZ, Pacific/Auckland', 'Saw a religious near Gisborne, NZ, Pacific/Auckland.', 50, 479, '2024-10-01', ST_SetSRID(ST_MakePoint(178.00417, -38.65333), 4326)),
(43, 5, 'Hoxtolgay, CN, Asia/Urumqi', 'Saw a during near Hoxtolgay, CN, Asia/Urumqi.', 112, 585, '2024-07-10', ST_SetSRID(ST_MakePoint(86.00214, 46.51872), 4326)),
(21, 3, 'Montana, BG, Europe/Sofia', 'Saw a north near Montana, BG, Europe/Sofia.', 66, 735, '2024-10-14', ST_SetSRID(ST_MakePoint(23.225, 43.4125), 4326)),
(46, 3, 'Mechanicsville, US, America/New_York', 'Saw a question near Mechanicsville, US, America/New_York.', 70, 321, '2024-04-25', ST_SetSRID(ST_MakePoint(-77.37331, 37.60876), 4326)),
(26, 2, 'Kelowna, CA, America/Vancouver', 'Saw a over near Kelowna, CA, America/Vancouver.', 78, 518, '2023-07-18', ST_SetSRID(ST_MakePoint(-119.48568, 49.88307), 4326)),
(21, 1, 'Azrou, MA, Africa/Casablanca', 'Saw a most near Azrou, MA, Africa/Casablanca.', 41, 519, '2023-09-29', ST_SetSRID(ST_MakePoint(-5.22126, 33.43443), 4326)),
(40, 5, 'North Tustin, US, America/Los_Angeles', 'Saw a piece near North Tustin, US, America/Los_Angeles.', 52, 125, '2024-07-06', ST_SetSRID(ST_MakePoint(-117.79394, 33.76446), 4326)),
(35, 2, 'Carlsbad, US, America/Denver', 'Saw a series near Carlsbad, US, America/Denver.', 104, 321, '2024-11-01', ST_SetSRID(ST_MakePoint(-104.22884, 32.42067), 4326)),
(9, 3, 'Acaponeta, MX, America/Mazatlan', 'Saw a head near Acaponeta, MX, America/Mazatlan.', 48, 950, '2024-08-03', ST_SetSRID(ST_MakePoint(-105.36369, 22.49396), 4326)),
(16, 3, 'Utica, US, America/New_York', 'Saw a loss near Utica, US, America/New_York.', 76, 211, '2025-03-31', ST_SetSRID(ST_MakePoint(-75.23266, 43.1009), 4326)),
(29, 5, 'Sungurlu, TR, Europe/Istanbul', 'Saw a all near Sungurlu, TR, Europe/Istanbul.', 78, 676, '2024-08-28', ST_SetSRID(ST_MakePoint(34.37389, 40.1675), 4326)),
(42, 5, 'Edremit, TR, Europe/Istanbul', 'Saw a mind near Edremit, TR, Europe/Istanbul.', 41, 733, '2024-05-31', ST_SetSRID(ST_MakePoint(27.02444, 39.59611), 4326)),
(36, 3, 'Maryborough, AU, Australia/Brisbane', 'Saw a pay near Maryborough, AU, Australia/Brisbane.', 53, 949, '2023-06-19', ST_SetSRID(ST_MakePoint(152.70493, -25.54073), 4326)),
(9, 3, 'Puerto Colombia, CO, America/Bogota', 'Saw a us near Puerto Colombia, CO, America/Bogota.', 54, 961, '2024-07-07', ST_SetSRID(ST_MakePoint(-74.95472, 10.98778), 4326)),
(7, 5, 'Columbia Heights, US, America/Chicago', 'Saw a cup near Columbia Heights, US, America/Chicago.', 59, 328, '2023-07-24', ST_SetSRID(ST_MakePoint(-93.263, 45.0408), 4326)),
(19, 5, 'Majene, ID, Asia/Makassar', 'Saw a add near Majene, ID, Asia/Makassar.', 66, 784, '2023-04-26', ST_SetSRID(ST_MakePoint(118.9707, -3.5403), 4326)),
(22, 2, 'Catende, BR, America/Recife', 'Saw a brother near Catende, BR, America/Recife.', 73, 567, '2023-11-18', ST_SetSRID(ST_MakePoint(-35.71667, -8.66667), 4326)),
(32, 3, 'Curitiba, BR, America/Sao_Paulo', 'Saw a beautiful near Curitiba, BR, America/Sao_Paulo.', 46, 144, '2024-04-05', ST_SetSRID(ST_MakePoint(-49.27306, -25.42778), 4326)),
(41, 4, 'Tianfu, CN, Asia/Shanghai', 'Saw a same near Tianfu, CN, Asia/Shanghai.', 75, 95, '2024-03-26', ST_SetSRID(ST_MakePoint(122.05228, 37.19723), 4326)),
(1, 3, 'Severodvinsk, RU, Europe/Moscow', 'Saw a read near Severodvinsk, RU, Europe/Moscow.', 56, 702, '2024-12-19', ST_SetSRID(ST_MakePoint(39.8302, 64.5635), 4326)),
(17, 2, 'Osmanabad, IN, Asia/Kolkata', 'Saw a employee near Osmanabad, IN, Asia/Kolkata.', 96, 614, '2024-11-18', ST_SetSRID(ST_MakePoint(76.03889, 18.18158), 4326)),
(46, 4, 'Talisay, PH, Asia/Manila', 'Saw a charge near Talisay, PH, Asia/Manila.', 111, 59, '2024-09-11', ST_SetSRID(ST_MakePoint(122.9666, 10.7375), 4326)),
(8, 1, 'Wangon, ID, Asia/Jakarta', 'Saw a safe near Wangon, ID, Asia/Jakarta.', 59, 608, '2023-07-25', ST_SetSRID(ST_MakePoint(109.05389, -7.51611), 4326)),
(3, 3, 'Greenfield, US, America/Indiana/Indianapolis', 'Saw a that near Greenfield, US, America/Indiana/Indianapolis.', 114, 615, '2025-03-10', ST_SetSRID(ST_MakePoint(-85.76942, 39.78504), 4326)),
(10, 4, 'Mardin, TR, Europe/Istanbul', 'Saw a bit near Mardin, TR, Europe/Istanbul.', 56, 92, '2023-11-28', ST_SetSRID(ST_MakePoint(40.74357, 37.31309), 4326)),
(20, 3, 'Norco, US, America/Los_Angeles', 'Saw a another near Norco, US, America/Los_Angeles.', 45, 970, '2023-05-02', ST_SetSRID(ST_MakePoint(-117.54866, 33.93113), 4326)),
(23, 2, 'Tornio, FI, Europe/Helsinki', 'Saw a wonder near Tornio, FI, Europe/Helsinki.', 71, 732, '2025-03-30', ST_SetSRID(ST_MakePoint(24.14662, 65.84811), 4326)),
(7, 3, 'Supaul, IN, Asia/Kolkata', 'Saw a wish near Supaul, IN, Asia/Kolkata.', 111, 955, '2024-08-16', ST_SetSRID(ST_MakePoint(86.59509, 26.11527), 4326)),
(27, 5, 'Milledgeville, US, America/New_York', 'Saw a reflect near Milledgeville, US, America/New_York.', 59, 997, '2024-02-27', ST_SetSRID(ST_MakePoint(-83.2321, 33.08014), 4326)),
(16, 2, 'Zhoucun, CN, Asia/Shanghai', 'Saw a trade near Zhoucun, CN, Asia/Shanghai.', 62, 952, '2023-08-15', ST_SetSRID(ST_MakePoint(117.81667, 36.81667), 4326)),
(27, 1, 'Les Olives, FR, Europe/Paris', 'Saw a tonight near Les Olives, FR, Europe/Paris.', 62, 804, '2024-08-12', ST_SetSRID(ST_MakePoint(5.4584, 43.32393), 4326)),
(22, 4, 'Rhosllanerchrugog, GB, Europe/London', 'Saw a take near Rhosllanerchrugog, GB, Europe/London.', 71, 323, '2024-01-28', ST_SetSRID(ST_MakePoint(-3.05814, 53.00974), 4326)),
(11, 1, 'Barmbek-Nord, DE, Europe/Berlin', 'Saw a husband near Barmbek-Nord, DE, Europe/Berlin.', 88, 943, '2023-12-06', ST_SetSRID(ST_MakePoint(10.03988, 53.6052), 4326)),
(3, 4, 'Roi Et, TH, Asia/Bangkok', 'Saw a reveal near Roi Et, TH, Asia/Bangkok.', 68, 254, '2023-10-29', ST_SetSRID(ST_MakePoint(103.65309, 16.0567), 4326)),
(30, 3, 'Bhuban, IN, Asia/Kolkata', 'Saw a foot near Bhuban, IN, Asia/Kolkata.', 79, 890, '2023-05-31', ST_SetSRID(ST_MakePoint(85.83334, 20.88197), 4326)),
(15, 2, 'Kantharalak, TH, Asia/Bangkok', 'Saw a investment near Kantharalak, TH, Asia/Bangkok.', 43, 725, '2024-01-30', ST_SetSRID(ST_MakePoint(104.64992, 14.64056), 4326)),
(13, 4, 'La Trinidad, PH, Asia/Manila', 'Saw a high near La Trinidad, PH, Asia/Manila.', 82, 335, '2024-07-29', ST_SetSRID(ST_MakePoint(120.5875, 16.455), 4326)),
(5, 3, 'Farafenni, GM, Africa/Banjul', 'Saw a visit near Farafenni, GM, Africa/Banjul.', 84, 706, '2023-07-28', ST_SetSRID(ST_MakePoint(-15.6, 13.56667), 4326)),
(33, 4, 'Ina, JP, Asia/Tokyo', 'Saw a never near Ina, JP, Asia/Tokyo.', 108, 389, '2023-04-26', ST_SetSRID(ST_MakePoint(137.95378, 35.82756), 4326)),
(2, 1, 'Diamond Harbour, IN, Asia/Kolkata', 'Saw a executive near Diamond Harbour, IN, Asia/Kolkata.', 73, 232, '2023-06-13', ST_SetSRID(ST_MakePoint(88.18466, 22.19303), 4326)),
(38, 3, 'Eisen, KR, Asia/Seoul', 'Saw a picture near Eisen, KR, Asia/Seoul.', 44, 161, '2023-08-26', ST_SetSRID(ST_MakePoint(128.63083, 36.82167), 4326)),
(39, 4, 'Barnet, GB, Europe/London', 'Saw a power near Barnet, GB, Europe/London.', 84, 796, '2024-02-12', ST_SetSRID(ST_MakePoint(-0.2, 51.65), 4326)),
(21, 4, 'Mampong, GH, Africa/Accra', 'Saw a way near Mampong, GH, Africa/Accra.', 117, 573, '2024-12-23', ST_SetSRID(ST_MakePoint(-1.4001, 7.06273), 4326)),
(8, 4, 'Jaworzno, PL, Europe/Warsaw', 'Saw a final near Jaworzno, PL, Europe/Warsaw.', 113, 244, '2024-09-30', ST_SetSRID(ST_MakePoint(19.27498, 50.20528), 4326)),
(17, 1, 'Severodvinsk, RU, Europe/Moscow', 'Saw a first near Severodvinsk, RU, Europe/Moscow.', 95, 51, '2025-03-17', ST_SetSRID(ST_MakePoint(39.8302, 64.5635), 4326)),
(34, 5, 'Croix-des-Bouquets, HT, America/Port-au-Prince', 'Saw a agent near Croix-des-Bouquets, HT, America/Port-au-Prince.', 65, 422, '2024-09-13', ST_SetSRID(ST_MakePoint(-72.22625, 18.57677), 4326)),
(28, 1, 'Supaul, IN, Asia/Kolkata', 'Saw a guy near Supaul, IN, Asia/Kolkata.', 82, 688, '2024-03-05', ST_SetSRID(ST_MakePoint(86.59509, 26.11527), 4326)),
(21, 1, 'Granger, US, America/Indiana/Indianapolis', 'Saw a benefit near Granger, US, America/Indiana/Indianapolis.', 78, 569, '2024-01-19', ST_SetSRID(ST_MakePoint(-86.11084, 41.75338), 4326)),
(20, 4, 'Ukmerge, LT, Europe/Vilnius', 'Saw a nature near Ukmerge, LT, Europe/Vilnius.', 81, 462, '2024-10-13', ST_SetSRID(ST_MakePoint(24.75, 55.25), 4326)),
(45, 3, 'Wacheng, CN, Asia/Shanghai', 'Saw a interesting near Wacheng, CN, Asia/Shanghai.', 110, 180, '2025-01-05', ST_SetSRID(ST_MakePoint(114.51667, 33.78333), 4326)),
(13, 4, 'American Canyon, US, America/Los_Angeles', 'Saw a media near American Canyon, US, America/Los_Angeles.', 88, 743, '2024-06-23', ST_SetSRID(ST_MakePoint(-122.2608, 38.17492), 4326)),
(48, 2, 'Keizer, US, America/Los_Angeles', 'Saw a effort near Keizer, US, America/Los_Angeles.', 118, 632, '2024-07-15', ST_SetSRID(ST_MakePoint(-123.02621, 44.99012), 4326)),
(20, 4, 'Port Richmond, US, America/New_York', 'Saw a nature near Port Richmond, US, America/New_York.', 110, 903, '2024-08-12', ST_SetSRID(ST_MakePoint(-74.13653, 40.63316), 4326)),
(1, 3, 'Shuangcheng, CN, Asia/Shanghai', 'Saw a participant near Shuangcheng, CN, Asia/Shanghai.', 76, 265, '2025-03-06', ST_SetSRID(ST_MakePoint(126.28333, 45.35), 4326)),
(28, 5, 'Chanika, TZ, Africa/Dar_es_Salaam', 'Saw a data near Chanika, TZ, Africa/Dar_es_Salaam.', 117, 720, '2024-05-27', ST_SetSRID(ST_MakePoint(38.01667, -5.41667), 4326)),
(21, 4, 'Acworth, US, America/New_York', 'Saw a represent near Acworth, US, America/New_York.', 96, 502, '2024-12-20', ST_SetSRID(ST_MakePoint(-84.67837, 34.06635), 4326)),
(44, 2, 'Rafiganj, IN, Asia/Kolkata', 'Saw a visit near Rafiganj, IN, Asia/Kolkata.', 105, 534, '2024-01-14', ST_SetSRID(ST_MakePoint(84.63445, 24.81757), 4326)),
(48, 2, 'Itabirito, BR, America/Sao_Paulo', 'Saw a interview near Itabirito, BR, America/Sao_Paulo.', 50, 340, '2023-12-15', ST_SetSRID(ST_MakePoint(-43.80139, -20.25333), 4326)),
(33, 5, 'Socorro, CO, America/Bogota', 'Saw a prove near Socorro, CO, America/Bogota.', 82, 145, '2023-07-17', ST_SetSRID(ST_MakePoint(-73.26022, 6.46838), 4326)),
(49, 2, 'Greenpoint, US, America/New_York', 'Saw a history near Greenpoint, US, America/New_York.', 79, 280, '2023-09-28', ST_SetSRID(ST_MakePoint(-73.95097, 40.72371), 4326)),
(13, 2, 'Guanajuato, MX, America/Mexico_City', 'Saw a onto near Guanajuato, MX, America/Mexico_City.', 43, 97, '2023-06-04', ST_SetSRID(ST_MakePoint(-101.2591, 21.01858), 4326)),
(16, 4, 'Tonga, CM, Africa/Douala', 'Saw a plan near Tonga, CM, Africa/Douala.', 118, 920, '2023-08-17', ST_SetSRID(ST_MakePoint(10.7, 4.96667), 4326)),
(50, 1, 'Cheraga, DZ, Africa/Algiers', 'Saw a important near Cheraga, DZ, Africa/Algiers.', 98, 474, '2024-04-05', ST_SetSRID(ST_MakePoint(2.95924, 36.76775), 4326)),
(41, 5, 'Woodbridge, US, America/New_York', 'Saw a hospital near Woodbridge, US, America/New_York.', 64, 785, '2024-12-30', ST_SetSRID(ST_MakePoint(-74.28459, 40.5576), 4326)),
(45, 4, 'Malaut, IN, Asia/Kolkata', 'Saw a best near Malaut, IN, Asia/Kolkata.', 103, 459, '2024-11-15', ST_SetSRID(ST_MakePoint(74.4818, 30.21121), 4326)),
(16, 2, 'Port Richmond, US, America/New_York', 'Saw a improve near Port Richmond, US, America/New_York.', 40, 964, '2025-03-12', ST_SetSRID(ST_MakePoint(-74.13653, 40.63316), 4326)),
(49, 1, 'Espoo, FI, Europe/Helsinki', 'Saw a yes near Espoo, FI, Europe/Helsinki.', 94, 274, '2023-09-26', ST_SetSRID(ST_MakePoint(24.6522, 60.2052), 4326)),
(12, 5, 'Lal Bahadur Nagar, IN, Asia/Kolkata', 'Saw a conference near Lal Bahadur Nagar, IN, Asia/Kolkata.', 99, 101, '2023-09-06', ST_SetSRID(ST_MakePoint(78.55757, 17.34769), 4326)),
(36, 2, 'Leland, US, America/New_York', 'Saw a east near Leland, US, America/New_York.', 55, 517, '2023-08-18', ST_SetSRID(ST_MakePoint(-78.04471, 34.25628), 4326)),
(9, 4, 'Yao, JP, Asia/Tokyo', 'Saw a artist near Yao, JP, Asia/Tokyo.', 107, 622, '2023-11-21', ST_SetSRID(ST_MakePoint(135.6, 34.61667), 4326)),
(39, 3, 'Dublin, US, America/New_York', 'Saw a small near Dublin, US, America/New_York.', 96, 677, '2023-06-11', ST_SetSRID(ST_MakePoint(-82.90375, 32.54044), 4326)),
(47, 5, 'San Fernando de Henares, ES, Europe/Madrid', 'Saw a night near San Fernando de Henares, ES, Europe/Madrid.', 94, 900, '2024-11-23', ST_SetSRID(ST_MakePoint(-3.53261, 40.42386), 4326)),
(36, 4, 'Middle River, US, America/New_York', 'Saw a green near Middle River, US, America/New_York.', 60, 811, '2024-12-27', ST_SetSRID(ST_MakePoint(-76.43941, 39.33427), 4326)),
(31, 4, 'Laguna Niguel, US, America/Los_Angeles', 'Saw a sort near Laguna Niguel, US, America/Los_Angeles.', 73, 819, '2024-02-07', ST_SetSRID(ST_MakePoint(-117.70755, 33.52253), 4326)),
(16, 3, 'Carnegie, AU, Australia/Melbourne', 'Saw a nor near Carnegie, AU, Australia/Melbourne.', 106, 546, '2025-02-26', ST_SetSRID(ST_MakePoint(145.06667, -37.88333), 4326)),
(41, 2, 'Reus, ES, Europe/Madrid', 'Saw a lose near Reus, ES, Europe/Madrid.', 75, 500, '2025-03-21', ST_SetSRID(ST_MakePoint(1.10687, 41.15612), 4326)),
(5, 3, 'Nidderau, DE, Europe/Berlin', 'Saw a situation near Nidderau, DE, Europe/Berlin.', 70, 328, '2025-04-10', ST_SetSRID(ST_MakePoint(8.86704, 50.23805), 4326)),
(22, 3, 'Espoo, FI, Europe/Helsinki', 'Saw a sort near Espoo, FI, Europe/Helsinki.', 109, 132, '2023-11-12', ST_SetSRID(ST_MakePoint(24.6522, 60.2052), 4326)),
(9, 2, 'Hermsdorf, DE, Europe/Berlin', 'Saw a attack near Hermsdorf, DE, Europe/Berlin.', 69, 442, '2024-12-07', ST_SetSRID(ST_MakePoint(13.31783, 52.61131), 4326)),
(45, 2, 'Brzeg, PL, Europe/Warsaw', 'Saw a prevent near Brzeg, PL, Europe/Warsaw.', 67, 115, '2024-01-12', ST_SetSRID(ST_MakePoint(17.4674, 50.86079), 4326)),
(27, 4, 'Belper, GB, Europe/London', 'Saw a car near Belper, GB, Europe/London.', 82, 605, '2025-02-10', ST_SetSRID(ST_MakePoint(-1.48119, 53.0233), 4326)),
(30, 4, 'Ina, JP, Asia/Tokyo', 'Saw a worry near Ina, JP, Asia/Tokyo.', 47, 261, '2023-09-11', ST_SetSRID(ST_MakePoint(137.95378, 35.82756), 4326)),
(27, 4, 'Eastwood, AU, Australia/Sydney', 'Saw a another near Eastwood, AU, Australia/Sydney.', 114, 762, '2025-01-02', ST_SetSRID(ST_MakePoint(151.08057, -33.79176), 4326)),
(2, 5, 'Lesosibirsk, RU, Asia/Krasnoyarsk', 'Saw a help near Lesosibirsk, RU, Asia/Krasnoyarsk.', 88, 538, '2024-11-29', ST_SetSRID(ST_MakePoint(92.48278, 58.23583), 4326)),
(1, 3, 'Thap Than, TH, Asia/Bangkok', 'Saw a hair near Thap Than, TH, Asia/Bangkok.', 78, 821, '2024-11-21', ST_SetSRID(ST_MakePoint(99.89166, 15.46063), 4326)),
(25, 4, 'Kantharalak, TH, Asia/Bangkok', 'Saw a cup near Kantharalak, TH, Asia/Bangkok.', 108, 815, '2024-04-21', ST_SetSRID(ST_MakePoint(104.64992, 14.64056), 4326)),
(48, 5, 'Xiangtan, CN, Asia/Shanghai', 'Saw a brother near Xiangtan, CN, Asia/Shanghai.', 117, 969, '2024-05-21', ST_SetSRID(ST_MakePoint(112.9, 27.85), 4326)),
(15, 4, 'Budva, ME, Europe/Podgorica', 'Saw a reason near Budva, ME, Europe/Podgorica.', 68, 329, '2025-02-03', ST_SetSRID(ST_MakePoint(18.84, 42.28639), 4326)),
(28, 4, 'Foshan, CN, Asia/Shanghai', 'Saw a record near Foshan, CN, Asia/Shanghai.', 43, 448, '2023-07-07', ST_SetSRID(ST_MakePoint(113.13148, 23.02677), 4326)),
(22, 4, 'Buynaksk, RU, Europe/Moscow', 'Saw a edge near Buynaksk, RU, Europe/Moscow.', 61, 910, '2023-09-03', ST_SetSRID(ST_MakePoint(47.1192, 42.819), 4326)),
(30, 2, 'Barpeta, IN, Asia/Kolkata', 'Saw a girl near Barpeta, IN, Asia/Kolkata.', 119, 596, '2024-07-02', ST_SetSRID(ST_MakePoint(91.00632, 26.32293), 4326)),
(2, 4, 'Serinhisar, TR, Europe/Istanbul', 'Saw a whether near Serinhisar, TR, Europe/Istanbul.', 115, 627, '2023-08-05', ST_SetSRID(ST_MakePoint(29.26639, 37.58105), 4326)),
(43, 1, 'Qadirpur Ran, PK, Asia/Karachi', 'Saw a issue near Qadirpur Ran, PK, Asia/Karachi.', 50, 708, '2024-02-22', ST_SetSRID(ST_MakePoint(71.67164, 30.29184), 4326)),
(28, 2, 'An Muileann gCearr, IE, Europe/Dublin', 'Saw a response near An Muileann gCearr, IE, Europe/Dublin.', 99, 236, '2024-05-03', ST_SetSRID(ST_MakePoint(-7.35, 53.53333), 4326)),
(4, 3, 'Ksar Chellala, DZ, Africa/Algiers', 'Saw a nice near Ksar Chellala, DZ, Africa/Algiers.', 88, 385, '2023-12-17', ST_SetSRID(ST_MakePoint(2.31889, 35.21222), 4326)),
(14, 4, 'Jagna, PH, Asia/Manila', 'Saw a hard near Jagna, PH, Asia/Manila.', 81, 395, '2023-07-15', ST_SetSRID(ST_MakePoint(124.3697, 9.6531), 4326)),
(49, 4, 'Lancing, GB, Europe/London', 'Saw a site near Lancing, GB, Europe/London.', 75, 820, '2023-11-05', ST_SetSRID(ST_MakePoint(-0.32247, 50.82882), 4326)),
(27, 3, 'Aberdeen, GB, Europe/London', 'Saw a risk near Aberdeen, GB, Europe/London.', 50, 531, '2023-07-04', ST_SetSRID(ST_MakePoint(-2.09814, 57.14369), 4326)),
(2, 5, 'Camarillo, US, America/Los_Angeles', 'Saw a forward near Camarillo, US, America/Los_Angeles.', 46, 408, '2023-05-28', ST_SetSRID(ST_MakePoint(-119.0376, 34.21639), 4326)),
(15, 1, 'Smolyan, BG, Europe/Sofia', 'Saw a quickly near Smolyan, BG, Europe/Sofia.', 45, 822, '2024-09-19', ST_SetSRID(ST_MakePoint(24.71204, 41.57439), 4326)),
(2, 2, 'Socorro, CO, America/Bogota', 'Saw a end near Socorro, CO, America/Bogota.', 65, 909, '2023-05-16', ST_SetSRID(ST_MakePoint(-73.26022, 6.46838), 4326)),
(2, 5, 'Smolyan, BG, Europe/Sofia', 'Saw a stop near Smolyan, BG, Europe/Sofia.', 59, 294, '2023-12-28', ST_SetSRID(ST_MakePoint(24.71204, 41.57439), 4326)),
(9, 4, 'Palafrugell, ES, Europe/Madrid', 'Saw a camera near Palafrugell, ES, Europe/Madrid.', 54, 627, '2025-01-13', ST_SetSRID(ST_MakePoint(3.1631, 41.91738), 4326)),
(14, 4, 'Farafenni, GM, Africa/Banjul', 'Saw a customer near Farafenni, GM, Africa/Banjul.', 72, 835, '2024-06-17', ST_SetSRID(ST_MakePoint(-15.6, 13.56667), 4326)),
(24, 2, 'Tinaquillo, VE, America/Caracas', 'Saw a carry near Tinaquillo, VE, America/Caracas.', 117, 671, '2023-12-28', ST_SetSRID(ST_MakePoint(-68.30472, 9.91861), 4326)),
(48, 1, 'Randudongkal, ID, Asia/Jakarta', 'Saw a security near Randudongkal, ID, Asia/Jakarta.', 60, 368, '2023-09-02', ST_SetSRID(ST_MakePoint(109.3243, -7.0981), 4326)),
(7, 5, 'Grand Forks, US, America/Chicago', 'Saw a health near Grand Forks, US, America/Chicago.', 43, 369, '2023-11-09', ST_SetSRID(ST_MakePoint(-97.03285, 47.92526), 4326)),
(37, 4, 'Palm Desert, US, America/Los_Angeles', 'Saw a indicate near Palm Desert, US, America/Los_Angeles.', 90, 782, '2024-05-05', ST_SetSRID(ST_MakePoint(-116.37697, 33.72255), 4326)),
(13, 1, 'Ulan-Ude, RU, Asia/Irkutsk', 'Saw a modern near Ulan-Ude, RU, Asia/Irkutsk.', 115, 757, '2024-12-11', ST_SetSRID(ST_MakePoint(107.60627, 51.82721), 4326)),
(41, 2, 'Port-Vila, VU, Pacific/Efate', 'Saw a standard near Port-Vila, VU, Pacific/Efate.', 53, 763, '2025-02-11', ST_SetSRID(ST_MakePoint(168.31366, -17.73648), 4326)),
(50, 3, 'Port Huron, US, America/Detroit', 'Saw a star near Port Huron, US, America/Detroit.', 116, 874, '2025-03-21', ST_SetSRID(ST_MakePoint(-82.42491, 42.97086), 4326));